##;;;;;;;;;;;X,,,,,,,,,,,,,,,,,,,,,,,,,,,,,,,,,,,,,,,,,,,,,,,,,,,,,,,,,,,,,,,,,,,,,,
##### Open this document in Excel, version 5 or later.;;;;;;;;;;;X,,,,,,,,,,,,,,,,,,,,,,,,,,,,,,,,,,,,,,,,,,,,,,,,,,,,,,,,,,,,,,,,,,,,,
##### To convert the semicolon-separated list to a normal Excel table, first click on the 'A' above to select the entire 'A' column.;;;;;;;;;;;X,,,,,,,,,,,,,,,,,,,,,,,,,,,,,,,,,,,,,,,,,,,,,,,,,,,,,,,,,,,,,,,,,,,,,
##### Select 'Data' -> 'Text to Columns' -> 'Delimited' -> 'Next';;;;;;;;;;;X,,,,,,,,,,,,,,,,,,,,,,,,,,,,,,,,,,,,,,,,,,,,,,,,,,,,,,,,,,,,,,,,,,,,,,
##### Check 'Semicolon' (ONLY!) -> 'Finish';;;;;;;;;;;X,,,,,,,,,,,,,,,,,,,,,,,,,,,,,,,,,,,,,,,,,,,,,,,,,,,,,,,,,,,,,,,,,,,,,,
##### Select column 'A' through 'K' (click + drag on letters above columns);;;;;;;;;;;X,,,,,,,,,,,,,,,,,,,,,,,,,,,,,,,,,,,,,,,,,,,,,,,,,,,,,,,,,,,,,,,,,,,,,,
##### Right-click anywhere on the sheet (inside the selection) and select 'Column width' and set it so that only THREE columns are visible ('45' with 1024 x 768 screen resolution);;;;;;;;;;;X,,,,,,,,,,,,,,,,,,,,,,,,,,,,,,,,,,,,,,,,,,,,,,,,,,,,,,,,,,,,,,,,,,,,,,
##### Right-click anywhere on the sheet again (still inside the selection) and select 'Format Cells' -> 'Alignment' -> check 'Wrap Text' + select 'Vertical: Top' -> 'OK';;;;;;;;;;;X,,,,,,,,,,,,,,,,,,,,,,,,,,,,,,,,,,,,,,,,,,,,,,,,,,,,,,,,,,,,,,,,,,,,,,
##### Place the cursor in cell C1 and select 'Window' -> 'Freeze Panes' (allows you to scroll horizontally to see any language in the rightmost coulmn while still having the string names/comments and the english original text in the left and middle column;;;;;;;;;;;X,,,,,,,,,,,,,,,,,,,,,,,,,,,,,,,,,,,,,,,,,,,,,,,,,,,,,,,,,,,,,,,,,,,,,,
##### CAREFULLY read the instructions in cells B18 ? B36;;;;;;;;;;;X,,,,,,,,,,,,,,,,,,,,,,,,,,,,,,,,,,,,,,,,,,,,,,,,,,,,,,,,,,,,,,,,,,,,,,
##;;;;;;;;;;;X,,,,,,,,,,,,,,,,,,,,,,,,,,,,,,,,,,,,,,,,,,,,,,,,,,,,,,,,,,,,,,,,,,,,,,
##;;;;;;;;;;;X,,,,,,,,,,,,,,,,,,,,,,,,,,,,,,,,,,,,,,,,,,,,,,,,,,,,,,,,,,,,,,,,,,,,,,
##;NOTES TO TRANSLATORS:;;;;;;;;;;X,,,,,,,,,,,,,,,,,,,,,,,,,,,,,,,,,,,,,,,,,,,,,,,,,,,,,,,,,,,,,,,,,,,,,,
##;=====================;;;;;;;;;;X,,,,,,,,,,,,,,,,,,,,,,,,,,,,,,,,,,,,,,,,,,,,,,,,,,,,,,,,,,,,,,,,,,,,,,
##;;;;;;;;;;;X,,,,,,,,,,,,,,,,,,,,,,,,,,,,,,,,,,,,,,,,,,,,,,,,,,,,,,,,,,,,,,,,,,,,,,
##;1) '%s' is for indicating where another string is inserted, and MAY NEVER BE REMOVED! If there are more than one '%s' in a string, they may NOT CHANGE PLACES.;;;;;;;;;;X,,,,,,,,,,,,,,,,,,,,,,,,,,,,,,,,,,,,,,,,,,,,,,,,,,,,,,,,,,,,,,,,,,,,
##;###############################################################################################################################################################################################################################################################;;;;;;;;;;X,,,,,,,,,,,,,,,,,,,,,,,,,,,,,,,,,,,,,,,,,,,,,,,,,,,,,,,,,,,,,,,,,,,,,,
##;3) '%t' is for indicating where the player's 'title' is inserted, however only in game message boxes.';;;;;;;;;;X,,,,,,,,,,,,,,,,,,,,,,,,,,,,,,,,,,,,,,,,,,,,,,,,,,,,,,,,,,,,,,,,,,,,,
##;###############################################################################################################################################################################################################################################################;;;;;;;;;;X,,,,,,,,,,,,,,,,,,,,,,,,,,,,,,,,,,,,,,,,,,,,,,,,,,,,,,,,,,,,,,,,,,,,,,
##;5) A dollar sign, '$' will always automatically be replaced by the 'ducats' icon.;;;;;;;;;;X,,,,,,,,,,,,,,,,,,,,,,,,,,,,,,,,,,,,,,,,,,,,,,,,,,,,,,,,,,,,,,,,,,,,,
##;6) Any row with a '#' in the first column (column 'A') will be ignored. However, you cannot use any paragraph characters in these rows!!!;;;;;;;;;;X,,,,,,,,,,,,,,,,,,,,,,,,,,,,,,,,,,,,,,,,,,,,,,,,,,,,,,,,,,,,,,,,,,,,,
##;7) To insert a carriage return, insert a '\n' (backslash + n);;;;;;;;;;X,,,,,,,,,,,,,,,,,,,,,,,,,,,,,,,,,,,,,,,,,,,,,,,,,,,,,,,,,,,,,,,,,,,,,
##;8) No formatting can be done in this file. To change the color of a text, insert the following codes in front of the word:;;;;;;;;;;X,,,,,,,,,,,,,,,,,,,,,,,,,,,,,,,,,,,,,,,,,,,,,,,,,,,,,,,,,,,,,,,,,,,,,
##;TEXT COLORS:;;;;;;;;;;X,,,,,,,,,,,,,,,,,,,,,,,,,,,,,,,,,,,,,,,,,,,,,,,,,,,,,,,,,,,,,,,,,,,,,,
##;§A = 0,64,0;;;;;;;;;;X,,,,,,,,,,,,,,,,,,,,,,,,,,,,,,,,,,,,,,,,,,,,,,,,,,,,,,,,,,,,,,,,,,,,
##;§B = 0,0,192;;;;;;;;;;X,,,,,,,,,,,,,,,,,,,,,,,,,,,,,,,,,,,,,,,,,,,,,,,,,,,,,,,,,,,,,,,,,,,,
##;§C = 128,0,0;;;;;;;;;;X,,,,,,,,,,,,,,,,,,,,,,,,,,,,,,,,,,,,,,,,,,,,,,,,,,,,,,,,,,,,,,,,,,,,
##;§D = 255,255,0;;;;;;;;;;X,,,,,,,,,,,,,,,,,,,,,,,,,,,,,,,,,,,,,,,,,,,,,,,,,,,,,,,,,,,,,,,,,,,,
##;§E = 255,0,255;;;;;;;;;;X,,,,,,,,,,,,,,,,,,,,,,,,,,,,,,,,,,,,,,,,,,,,,,,,,,,,,,,,,,,,,,,,,,,,
##;§F = 255,128,0;;;;;;;;;;X,,,,,,,,,,,,,,,,,,,,,,,,,,,,,,,,,,,,,,,,,,,,,,,,,,,,,,,,,,,,,,,,,,,,
##;§G = 0,100,0;;;;;;;;;;X,,,,,,,,,,,,,,,,,,,,,,,,,,,,,,,,,,,,,,,,,,,,,,,,,,,,,,,,,,,,,,,,,,,,
##;§H = 128,128, 128;;;;;;;;;;X,,,,,,,,,,,,,,,,,,,,,,,,,,,,,,,,,,,,,,,,,,,,,,,,,,,,,,,,,,,,,,,,,,,,
##;§I = 0,0,255;;;;;;;;;;X,,,,,,,,,,,,,,,,,,,,,,,,,,,,,,,,,,,,,,,,,,,,,,,,,,,,,,,,,,,,,,,,,,,,
##;§J = 0,192,0;;;;;;;;;;X,,,,,,,,,,,,,,,,,,,,,,,,,,,,,,,,,,,,,,,,,,,,,,,,,,,,,,,,,,,,,,,,,,,,
##;§M = 100,255,100;;;;;;;;;;X,,,,,,,,,,,,,,,,,,,,,,,,,,,,,,,,,,,,,,,,,,,,,,,,,,,,,,,,,,,,,,,,,,,,
##;§N = 255,100,100;;;;;;;;;;X,,,,,,,,,,,,,,,,,,,,,,,,,,,,,,,,,,,,,,,,,,,,,,,,,,,,,,,,,,,,,,,,,,,,
##;§R = 240,0,0;;;;;;;;;;X,,,,,,,,,,,,,,,,,,,,,,,,,,,,,,,,,,,,,,,,,,,,,,,,,,,,,,,,,,,,,,,,,,,,
##;§W = 255,255,255;;;;;;;;;;X,,,,,,,,,,,,,,,,,,,,,,,,,,,,,,,,,,,,,,,,,,,,,,,,,,,,,,,,,,,,,,,,,,,,
##;§Y = 208,232,248;;;;;;;;;;X,,,,,,,,,,,,,,,,,,,,,,,,,,,,,,,,,,,,,,,,,,,,,,,,,,,,,,,,,,,,,,,,,,,,
##;§Z = 0,0,0;;;;;;;;;;X,,,,,,,,,,,,,,,,,,,,,,,,,,,,,,,,,,,,,,,,,,,,,,,,,,,,,,,,,,,,,,,,,,,,
##;§§ - restores old color;;;;;;;;;;X,,,,,,,,,,,,,,,,,,,,,,,,,,,,,,,,,,,,,,,,,,,,,,,,,,,,,,,,,,,,,,,,,,,,,,
##;###############################################################################################################################################################################################################################################################;;;;;;;;;;X,,,,,,,,,,,,,,,,,,,,,,,,,,,,,,,,,,,,,,,,,,,,,,,,,,,,,,,,,,,,,,,,,,,,,,
##;###############################################################################################################################################################################################################################################################;;;;;;;;;;X,,,,,,,,,,,,,,,,,,,,,,,,,,,,,,,,,,,,,,,,,,,,,,,,,,,,,,,,,,,,,,,,,,,,,,
##;10) ALL CELLS in column 'L' in this document MUST contain a character!;;;;;;;;;;X,,,,,,,,,,,,,,,,,,,,,,,,,,,,,,,,,,,,,,,,,,,,,,,,,,,,,,,,,,,,,,,,,,,,,,
##;11) The LAST CELL in the 'A' column MUST contain the string '#EOF';;;;;;;;;;X,,,,,,,,,,,,,,,,,,,,,,,,,,,,,,,,,,,,,,,,,,,,,,,,,,,,,,,,,,,,,,,,,,,,,,
##;12) If you want to begin a string with a ' (citation mark), you will need to type it twice (Excel will read the first one as a commentary which is not  exported into the actual text database file);;;;;;;;;;X,,,,,,,,,,,,,,,,,,,,,,,,,,,,,,,,,,,,,,,,,,,,,,,,,,,,,,,,,,,,,,,,,,,,,
##;;;;;;;;;;;X,,,,,,,,,,,,,,,,,,,,,,,,,,,,,,,,,,,,,,,,,,,,,,,,,,,,,,,,,,,,,,,,,,,,,,
##;WHEN DONE: save as 'Semicolon Separated (.csv)' format, and make sure the file is called 'Text.csv'.;;;;;;;;;;X,,,,,,,,,,,,,,,,,,,,,,,,,,,,,,,,,,,,,,,,,,,,,,,,,,,,,,,,,,,,,,,,,,,,,
##;;;;;;;;;;;X,,,,,,,,,,,,,,,,,,,,,,,,,,,,,,,,,,,,,,,,,,,,,,,,,,,,,,,,,,,,,,,,,,,,,,
##;NOTE: If Excel complains about an 'Error in formula' when the cell content begins with a '+' or '-' sign, type a ' (citation mark) in front of the plus or minus.;;;;;;;;;;X,,,,,,,,,,,,,,,,,,,,,,,,,,,,,,,,,,,,,,,,,,,,,,,,,,,,,,,,,,,,,,,,,,,,,
##;;;;;;;;;;;X,,,,,,,,,,,,,,,,,,,,,,,,,,,,,,,,,,,,,,,,,,,,,,,,,,,,,,,,,,,,,,,,,,,,,,
##;;;;;;;;;;;X,,,,,,,,,,,,,,,,,,,,,,,,,,,,,,,,,,,,,,,,,,,,,,,,,,,,,,,,,,,,,,,,,,,,,,
#  STRING NAME (do not change!);English;French;Italian;Spanish;German;Polish;Portuguese;Russian;;Extra2;X,,,,,,,,,,,,,,,,,,,,,,,,,,,,,,,,,,,,,,,,,,,,,,,,,,,,,,,,,,,,,,,,,,,,,,
#  ========================;==========;==========;==========;========;==========;==========;==========;==========;;==========;X,,,,,,,,,,,,,,,,,,,,,,,,,,,,,,,,,,,,,,,,,,,,,,,,,,,,,,,,,,,,,,,,,,,,,,
##;;;;;;;;;;;X,,,,,,,,,,,,,,,,,,,,,,,,,,,,,,,,,,,,,,,,,,,,,,,,,,,,,,,,,,,,,,,,,,,,,,
#Minister personalities;;;;;;;;;;;X,,,,,,,,,,,,,,,,,,,,,,,,,,,,,,,,,,,,,,,,,,,,,,,,,,,,,,,,,,,,,,,,,,,,,,
##;;;;;;;;;;;X,,,,,,,,,,,,,,,,,,,,,,,,,,,,,,,,,,,,,,,,,,,,,,,,,,,,,,,,,,,,,,,,,,,,,,
NPERSONALITY_RUTHLESS_DICTATOR;Ruthless Dictator;Ruthless Dictator;Ruthless Dictator;Ruthless Dictator;Ruthless Dictator;Ruthless Dictator;Ruthless Dictator;Ruthless Dictator;;;X,,,,,,,,,,,,,,,,,,,,,,,,,,,,,,,,,,,,,,,,,,,,,,,,,,,,,,,,,,,,,,,,,,,,,,
DPERSONALITY_RUTHLESS_DICTATOR;The Ruthless Dictator rules his country with an iron fist and uses its resources for to fulfill his personal ambitions.;The Ruthless Dictator rules his country with an iron fist and uses its resources for to fulfill his personal ambitions.;The Ruthless Dictator rules his country with an iron fist and uses its resources for to fulfill his personal ambitions.;The Ruthless Dictator rules his country with an iron fist and uses its resources for to fulfill his personal ambitions.;The Ruthless Dictator rules his country with an iron fist and uses its resources for to fulfill his personal ambitions.;The Ruthless Dictator rules his country with an iron fist and uses its resources for to fulfill his personal ambitions.;The Ruthless Dictator rules his country with an iron fist and uses its resources for to fulfill his personal ambitions.;The Ruthless Dictator rules his country with an iron fist and uses its resources for to fulfill his personal ambitions.;;;X,,,,,,,,,,,,,,,,,,,,,,,,,,,,,,,,,,,,,,,,,,,,,,,,,,,,,,,,,,,,,,,,,,,,,,
NPERSONALITY_GERMAN_ARISTOCRAT;German Aristocrat;German Aristocrat;German Aristocrat;German Aristocrat;German Aristocrat;German Aristocrat;German Aristocrat;German Aristocrat;;;X,,,,,,,,,,,,,,,,,,,,,,,,,,,,,,,,,,,,,,,,,,,,,,,,,,,,,,,,,,,,,,,,,,,,,,
DPERSONALITY_GERMAN_ARISTOCRAT;The German Aristocrat is a member of the German Royal families and has been imposed by the German Empire as ruler of the country.;The German Aristocrat is a member of the German Royal families and has been imposed by the German Empire as ruler of the country.;The German Aristocrat is a member of the German Royal families and has been imposed by the German Empire as ruler of the country.;The German Aristocrat is a member of the German Royal families and has been imposed by the German Empire as ruler of the country.;The German Aristocrat is a member of the German Royal families and has been imposed by the German Empire as ruler of the country.;The German Aristocrat is a member of the German Royal families and has been imposed by the German Empire as ruler of the country.;The German Aristocrat is a member of the German Royal families and has been imposed by the German Empire as ruler of the country.;The German Aristocrat is a member of the German Royal families and has been imposed by the German Empire as ruler of the country.;;;X,,,,,,,,,,,,,,,,,,,,,,,,,,,,,,,,,,,,,,,,,,,,,,,,,,,,,,,,,,,,,,,,,,,,,,
NPERSONALITY_RUSSIAN_ARISTOCRAT;Russian Aristocrat;Russian Aristocrat;Russian Aristocrat;Russian Aristocrat;Russian Aristocrat;Russian Aristocrat;Russian Aristocrat;Russian Aristocrat;;;X,,,,,,,,,,,,,,,,,,,,,,,,,,,,,,,,,,,,,,,,,,,,,,,,,,,,,,,,,,,,,,,,,,,,,,
DPERSONALITY_RUSSIAN_ARISTOCRAT;The Russian Aristocrat has been imposed by Russia as ruler of the country and struggles to win the hearts and minds of its people.;The Russian Aristocrat has been imposed by Russia as ruler of the country and struggles to win the heart of its people.;The Russian Aristocrat has been imposed by Russia as ruler of the country and struggles to win the heart of its people.;The Russian Aristocrat has been imposed by Russia as ruler of the country and struggles to win the heart of its people.;The Russian Aristocrat has been imposed by Russia as ruler of the country and struggles to win the heart of its people.;The Russian Aristocrat has been imposed by Russia as ruler of the country and struggles to win the heart of its people.;The Russian Aristocrat has been imposed by Russia as ruler of the country and struggles to win the heart of its people.;The Russian Aristocrat has been imposed by Russia as ruler of the country and struggles to win the heart of its people.;;;X,,,,,,,,,,,,,,,,,,,,,,,,,,,,,,,,,,,,,,,,,,,,,,,,,,,,,,,,,,,,,,,,,,,,,,
NPERSONALITY_PRAGMATIC_STATESMAN;Pragmatic Statesman;Pragmatic Statesman;Pragmatic Statesman;Pragmatic Statesman;Pragmatic Statesman;Pragmatic Statesman;Pragmatic Statesman;Pragmatic Statesman;;;X,,,,,,,,,,,,,,,,,,,,,,,,,,,,,,,,,,,,,,,,,,,,,,,,,,,,,,,,,,,,,,,,,,,,,,
DPERSONALITY_PRAGMATIC_STATESMAN;The Pragmatic Statesman's politics are goal-oriented, based primarily on flexible considerations of given circumstances and factors, and less on explicit ideological rules.;The Pragmatic Statesman's politics are goal-oriented, based primarily on flexible considerations of given circumstances and factors, and less on explicit ideological rules.;The Pragmatic Statesman's politics are goal-oriented, based primarily on flexible considerations of given circumstances and factors, and less on explicit ideological rules.;The Pragmatic Statesman's politics are goal-oriented, based primarily on flexible considerations of given circumstances and factors, and less on explicit ideological rules.;The Pragmatic Statesman's politics are goal-oriented, based primarily on flexible considerations of given circumstances and factors, and less on explicit ideological rules.;The Pragmatic Statesman's politics are goal-oriented, based primarily on flexible considerations of given circumstances and factors, and less on explicit ideological rules.;The Pragmatic Statesman's politics are goal-oriented, based primarily on flexible considerations of given circumstances and factors, and less on explicit ideological rules.;The Pragmatic Statesman's politics are goal-oriented, based primarily on flexible considerations of given circumstances and factors, and less on explicit ideological rules.;;;X,,,,,,,,,,,,,,,,,,,,,,,,,,,,,,,,,,,,,,,,,,,,,,,,,,,,,,
NPERSONALITY_REFORMIST_SOLDIERHOG;Reformist Soldier;Reformist Soldier;Reformist Soldier;Reformist Soldier;Reformist Soldier;Reformist Soldier;Reformist Soldier;Reformist Soldier;;;X,,,,,,,,,,,,,,,,,,,,,,,,,,,,,,,,,,,,,,,,,,,,,,,,,,,,,,,,,,,,,,,,,,,,,,
DPERSONALITY_REFORMIST_SOLDIERHOG;The Reformist Soldier is a junior military officer who has recently turned to politics. Believing that his own generals and admirals are too compromised with the corrupt government of the country, he now wants to reform society from within, with the help of other similar-minded men of the armed forces.;The Reformist Soldier is a junior military officer who has recently turned to politics. Believing that his own generals and admirals are too compromised with the corrupt government of the country, he now wants to reform society from within, with the help of other similar-minded men of the armed forces.;The Reformist Soldier is a junior military officer who has recently turned to politics. Believing that his own generals and admirals are too compromised with the corrupt government of the country, he now wants to reform society from within, with the help of other similar-minded men of the armed forces.;The Reformist Soldier is a junior military officer who has recently turned to politics. Believing that his own generals and admirals are too compromised with the corrupt government of the country, he now wants to reform society from within, with the help of other similar-minded men of the armed forces.;The Reformist Soldier is a junior military officer who has recently turned to politics. Believing that his own generals and admirals are too compromised with the corrupt government of the country, he now wants to reform society from within, with the help of other similar-minded men of the armed forces.;The Reformist Soldier is a junior military officer who has recently turned to politics. Believing that his own generals and admirals are too compromised with the corrupt government of the country, he now wants to reform society from within, with the help of other similar-minded men of the armed forces.;The Reformist Soldier is a junior military officer who has recently turned to politics. Believing that his own generals and admirals are too compromised with the corrupt government of the country, he now wants to reform society from within, with the help of other similar-minded men of the armed forces.;The Reformist Soldier is a junior military officer who has recently turned to politics. Believing that his own generals and admirals are too compromised with the corrupt government of the country, he now wants to reform society from within, with the help of other similar-minded men of the armed forces.;;;X,,,,,,,,,,,,,,,,,,,,,,,,,,,,,,,,,,,,,,,,,,,,,,,,,,,,,,
NPERSONALITY_REFORMIST_SOLDIERHOS;Reformist Soldier;Reformist Soldier;Reformist Soldier;Reformist Soldier;Reformist Soldier;Reformist Soldier;Reformist Soldier;Reformist Soldier;;;X,,,,,,,,,,,,,,,,,,,,,,,,,,,,,,,,,,,,,,,,,,,,,,,,,,,,,,,,,,,,,,,,,,,,,,
DPERSONALITY_REFORMIST_SOLDIERHOS;The Reformist Soldier is a junior military officer who has recently turned to politics. Believing that his own generals and admirals are too compromised with the corrupt government of the country, he now wants to reform society from within, with the help of other similar-minded men of the armed forces.;The Reformist Soldier is a junior military officer who has recently turned to politics. Believing that his own generals and admirals are too compromised with the corrupt government of the country, he now wants to reform society from within, with the help of other similar-minded men of the armed forces.;The Reformist Soldier is a junior military officer who has recently turned to politics. Believing that his own generals and admirals are too compromised with the corrupt government of the country, he now wants to reform society from within, with the help of other similar-minded men of the armed forces.;The Reformist Soldier is a junior military officer who has recently turned to politics. Believing that his own generals and admirals are too compromised with the corrupt government of the country, he now wants to reform society from within, with the help of other similar-minded men of the armed forces.;The Reformist Soldier is a junior military officer who has recently turned to politics. Believing that his own generals and admirals are too compromised with the corrupt government of the country, he now wants to reform society from within, with the help of other similar-minded men of the armed forces.;The Reformist Soldier is a junior military officer who has recently turned to politics. Believing that his own generals and admirals are too compromised with the corrupt government of the country, he now wants to reform society from within, with the help of other similar-minded men of the armed forces.;The Reformist Soldier is a junior military officer who has recently turned to politics. Believing that his own generals and admirals are too compromised with the corrupt government of the country, he now wants to reform society from within, with the help of other similar-minded men of the armed forces.;The Reformist Soldier is a junior military officer who has recently turned to politics. Believing that his own generals and admirals are too compromised with the corrupt government of the country, he now wants to reform society from within, with the help of other similar-minded men of the armed forces.;;;X,,,,,,,,,,,,,,,,,,,,,,,,,,,,,,,,,,,,,,,,,,,,,,,,,,,,,,
NPERSONALITY_CARRIER_PROPONENT;Carrier proponent;Carrier proponent;Carrier proponent;Carrier proponent;Carrier proponent;Carrier proponent;Carrier proponent;Carrier proponent;;;X,,,,,,,,,,,,,,,,,,,,,,,,,,,,,,,,,,,,,,,,,,,,,,,,,,,,,,,,,,,,,,,,,,,,,,
DPERSONALITY_CARRIER_PROPONENT;The Carrier Proponent is not only an able administrator and politician, he is also a meddler in Grand Strategy. He believes that carriers are what the country needs.;The Carrier Proponent is not only an able administrator and politician, he is also a meddler in Grand Strategy. He believes that carriers are what the country needs.;The Carrier Proponent is not only an able administrator and politician, he is also a meddler in Grand Strategy. He believes that carriers are what the country needs.;The Carrier Proponent is not only an able administrator and politician, he is also a meddler in Grand Strategy. He believes that carriers are what the country needs.;The Carrier Proponent is not only an able administrator and politician, he is also a meddler in Grand Strategy. He believes that carriers are what the country needs.;The Carrier Proponent is not only an able administrator and politician, he is also a meddler in Grand Strategy. He believes that carriers are what the country needs.;The Carrier Proponent is not only an able administrator and politician, he is also a meddler in Grand Strategy. He believes that carriers are what the country needs.;The Carrier Proponent is not only an able administrator and politician, he is also a meddler in Grand Strategy. He believes that carriers are what the country needs.;;;X,,,,,,,,,,,,,,,,,,,,,,,,,,,,,,,,,,,,,,,,,,,,,,,,,,,,,,,,,,,,,,
NPERSONALITY_INDUSTRIALISER;Industrialiser;Industrialiser;Industrialiser;Industrialiser;Industrialiser;Industrialiser;Industrialiser;Industrialiser;;;X,,,,,,,,,,,,,,,,,,,,,,,,,,,,,,,,,,,,,,,,,,,,,,,,,,,,,,,,,,,,,,,,,,,,,,
DPERSONALITY_INDUSTRIALISER;Well prepared economist, the industrialiser has one ambition - to turn his country into an industrial powerhouse. He is ready to use any means necessary to accomplish this goal - even if that means sacrificing things like personal freedom.;Well prepared economist, the industrialiser has one ambition - to turn his country into an industrial powerhouse. He is ready to use any means neccessary to accomplish this goal - even if that means sacrificing things like personal freedom.;Well prepared economist, the industrialiser has one ambition - to turn his country into an industrial powerhouse. He is ready to use any means neccessary to accomplish this goal - even if that means sacrificing things like personal freedom.;Well prepared economist, the industrialiser has one ambition - to turn his country into an industrial powerhouse. He is ready to use any means neccessary to accomplish this goal - even if that means sacrificing things like personal freedom.;Well prepared economist, the industrialiser has one ambition - to turn his country into an industrial powerhouse. He is ready to use any means neccessary to accomplish this goal - even if that means sacrificing things like personal freedom.;Well prepared economist, the industrialiser has one ambition - to turn his country into an industrial powerhouse. He is ready to use any means neccessary to accomplish this goal - even if that means sacrificing things like personal freedom.;Well prepared economist, the industrialiser has one ambition - to turn his country into an industrial powerhouse. He is ready to use any means neccessary to accomplish this goal - even if that means sacrificing things like personal freedom.;Well prepared economist, the industrialiser has one ambition - to turn his country into an industrial powerhouse. He is ready to use any means neccessary to accomplish this goal - even if that means sacrificing things like personal freedom.;;;X,,,,,,,,,,,,,,,,,,,,,,,,,,,,,,,,,,,,,,,,,,,,,,,,,,,,,,,,,,,,,,
NPERSONALITY_BANK_PRESIDENT;Bank President;Bank President;Bank President;Bank President;Bank President;Bank President;Bank President;Bank President;;;X,,,,,,,,,,,,,,,,,,,,,,,,,,,,,,,,,,,,,,,,,,,,,,,,,,,,,,,,,,,,,,,,,,,,,,
DPERSONALITY_BANK_PRESIDENT;A talented economist and administrator, the bank president emphasises the importance of stable currency and flow of capital. However, his technocratic and civilian manner means that he often neglects the non-civilian sector of the economy.;A talented economist and administrator, the bank president emphasises the importance of stable currency and flow of capital. However, his technocratic and civilian manner means that he often neglects the non-civilian sector of the economy.;A talented economist and administrator, the bank president emphasises the importance of stable currency and flow of capital. However, his technocratic and civilian manner means that he often neglects the non-civilian sector of the economy.;A talented economist and administrator, the bank president emphasises the importance of stable currency and flow of capital. However, his technocratic and civilian manner means that he often neglects the non-civilian sector of the economy.;A talented economist and administrator, the bank president emphasises the importance of stable currency and flow of capital. However, his technocratic and civilian manner means that he often neglects the non-civilian sector of the economy.;A talented economist and administrator, the bank president emphasises the importance of stable currency and flow of capital. However, his technocratic and civilian manner means that he often neglects the non-civilian sector of the economy.;A talented economist and administrator, the bank president emphasises the importance of stable currency and flow of capital. However, his technocratic and civilian manner means that he often neglects the non-civilian sector of the economy.;A talented economist and administrator, the bank president emphasises the importance of stable currency and flow of capital. However, his technocratic and civilian manner means that he often neglects the non-civilian sector of the economy.;;;X,,,,,,,,,,,,,,,,,,,,,,,,,,,,,,,,,,,,,,,,,,,,,,,,,,,,,,
NPERSONALITY_RESPECTED_WAR_HERO;Respected War Hero;Respected War Hero;Respected War Hero;Respected War Hero;Respected War Hero;Respected War Hero;Respected War Hero;Respected War Hero;;;X,,,,,,,,,,,,,,,,,,,,,,,,,,,,,,,,,,,,,,,,,,,,,,,,,,,,,,,,,,,,,,,,,,,,,,
DPERSONALITY_RESPECTED_WAR_HERO;Famous for his feats during the war, the respected war hero is a widely respected man. Even though some despise him as a clear sign of army meddling in politics, he is loved by the people and admired among the military. His influence strengthens the army's position - even if his conservative approach slowls the technological progress.;Famous for his feats during the war, the respected war hero is a widely respected man. Even though some despise him as a clear sign of army meddling in politics, he is loved by the people and admired among the military. His influence strengthens the army's position - even if his conservative approach slowls the technological progress.;Famous for his feats during the war, the respected war hero is a widely respected man. Even though some despise him as a clear sign of army meddling in politics, he is loved by the people and admired among the military. His influence strengthens the army's position - even if his conservative approach slowls the technological progress.;Famous for his feats during the war, the respected war hero is a widely respected man. Even though some despise him as a clear sign of army meddling in politics, he is loved by the people and admired among the military. His influence strengthens the army's position - even if his conservative approach slowls the technological progress.;Famous for his feats during the war, the respected war hero is a widely respected man. Even though some despise him as a clear sign of army meddling in politics, he is loved by the people and admired among the military. His influence strengthens the army's position - even if his conservative approach slowls the technological progress.;Famous for his feats during the war, the respected war hero is a widely respected man. Even though some despise him as a clear sign of army meddling in politics, he is loved by the people and admired among the military. His influence strengthens the army's position - even if his conservative approach slowls the technological progress.;Famous for his feats during the war, the respected war hero is a widely respected man. Even though some despise him as a clear sign of army meddling in politics, he is loved by the people and admired among the military. His influence strengthens the army's position - even if his conservative approach slowls the technological progress.;Famous for his feats during the war, the respected war hero is a widely respected man. Even though some despise him as a clear sign of army meddling in politics, he is loved by the people and admired among the military. His influence strengthens the army's position - even if his conservative approach slowls the technological progress.;;;X,,,,,,,,,,,,,,,,,,,,,,,,,,,,,,,,,,,,,,,,,,,,,,,,,,,,,,
NPERSONALITY_HEALTH;Health and Safety Proponent;Partisan de la santé et de la sécurité;Sostenitore di salute pubblica e sicurezza;Defensor de la Seguridad y Salud;Sozialpolitiker;Zwolennik poprawy stanu zdrowia i bezpieczeñstwa;;Ñòîğîííèê çäğàâîîõğàíåíèÿ;;;X,,,,,,,,,,,,,,,,,,,,,,,,,,,,,,,,,,,,,,,,,,,,,,,,,,,,,,,,,,,,,,,,,,,,,,
DPERSONALITY_HEALTH;Health and Safety Proponent believes that the primary purpose of a government is to improve the workers' safety and the health care system.;Le partisan de la santé et de la sécurité pense que l'objectit principal du gouvernment est d'améliorer la sécurité des travailleurs et le système de santé.;Il sostenitore della salute e sicurezza ritiene che lo scopo primario di un governo sia quello di migliorare la sicurezza dei lavoratori e del sistema sanitario.;Un defensor de la salud y seguridad cree que el principal propósito de un gobierno es mejorar la seguridad de los trabajadores y el sistema de salud.;Der Sozialpolitiker sieht die vornehmste Aufgabe des Staates darin, für Sicherheit und Gesundheit der Arbeiter zu sorgen.;Dla ministra zainteresowanego kwestiami zdrowia oraz bezpieczeñstwa i higieny pracy, podstawowym celem rz¹du jest poprawa bezpieczeñstwa zatrudnionych osób oraz usprawnianie systemu opieki zdrowotnej.;;Ñòîğîííèê çäğàâîîõğàíåíèÿ âåğèò, ÷òî ïğÿìàÿ îáÿçàííîñòü ãîñóäàğñòâà - óëó÷øàòü áåçîïàñíîñòü ñâîèõ ğàáîòíèêîâ è ñèñòåìó çäğàâîîõğàíåíèÿ.;;;X,,,,,,,,,,,,,,,,,,,,,,,,,,,,,,,,,,,,,,,,,,,,,,,,,,,,,,,,,,,,,,,,,,,
NPERSONALITY_POLICE;Chief of Secret Police;Chef de la police secrète;Il Capo della Polizia Segreta;Jefe de la Policía Secreta;Chef der Geheimpolizei;Szef tajnych s³u¿b;;Øåô òàéíîé ïîëèöèè;;;X,,,,,,,,,,,,,,,,,,,,,,,,,,,,,,,,,,,,,,,,,,,,,,,,,,,,,,,,,,,,,,,,,,,,,,
DPERSONALITY_POLICE;The Chief of Secret Police uses his position to root out dissent and disloyal elements within the local population.;Le chef de la police secrète se sert de sa position pour éradiquer toute dissension et tous les éléments déloyaux de la population locale.;Il capo della polizia segreta usa la sua posizione per estirpare il dissenso e gli elementi sleali dalla popolazione locale.;El jefe de la Policía Secreta usa su posición para eliminar la disensión y los elementos desleales dentro de la población.;Der Chef der Geheimpolizei nutzt seine Position, um alle dem Staat feindlich gesonnenen Abweichler und Unruhestifter zu eliminieren.;Szef tajnych s³u¿b u¿ywa swej pozycji do wykorzenienia niepokojów spo³ecznych i eliminacji nielojalnych elementów zidentyfikowanych wœród populacji kraju.;;Øåô òàéíîé ïîëèöèè èñïîëüçóåò ñâîå ïîëîæåíèå, ÷òîáû ïîäàâëÿòü íåäîâîëüñòâî è íåëîÿëüíûå ıëåìåíòû â ñîñòàâå íàñåëåíèÿ.;;;X,,,,,,,,,,,,,,,,,,,,,,,,,,,,,,,,,,,,,,,,,,,,,,,,,,,,,,,,,,,,,,,,,,,,
NPERSONALITY_MEDIA_MAGNATE;Media Magnate;Magnat des médias;Il magnate dei media;Magnate de los medios;Medienmogul;Magnat medialny;;Ìåäèàìàãíàò;;;X,,,,,,,,,,,,,,,,,,,,,,,,,,,,,,,,,,,,,,,,,,,,,,,,,,,,,,,,,,,,,,,,,,,,,,
DPERSONALITY_MEDIA_MAGNATE;The Media Magnate is a person with a dominant position in a media enterprise. He usually owns one or more newspapers or radio networks and can use them to influence the public opinion.;Le magnat des médias a une place importance dans une entreprise des médias. Il contrôle habituelle un ou plusieurs journaux ou radios et peut influencer l'opinion publique grâce à ceux-ci.;Il magnate dei media è una persona con una posizione dominante in una società mediatica. Egli possiede generalmente uno o più giornali o network radiofonici e li può utilizzare per influenzare l'opinione pubblica.;El magnate de los medios es una persona con una posición dominante en una empresa de medios de comunicación. Por lo general posee uno o más periódicos o cadenas de radio y las puedan utilizar para influir en la opinión pública.;Der Medienmogul ist eine wohlbekannte und wichtige Person in der Medienbranche. Im Normalfall besitzt er mehrere Zeitungen und Radiosender, mit denen er helfen kann, die Bevölkerung zu beeinflussen.;Magnat medialny to osoba z dominuj¹c¹ pozycj¹ w rozwijaj¹cym siê przemyœle medialnym. Zazwyczaj posiada jedn¹ lub kilka gazet i sieci radiowych i mo¿e u¿ywaæ ich do wp³ywania na opiniê publiczn¹.;;Ìåäèàìàãíàò ıòî ïåğñîíà ñ äîìèíèğóşùåé ïîçèöèåé íà ìåäèàğûíêå. Îí îáû÷íî âëàäååò îäíîé èëè íåñêîëüêèìè ãàçåòàìè èëè ñåòüş ğàäèîñòàíöèé è ìîæåò èñïîëüçîâàòü èõ äëÿ âëèÿíèÿ íà îáùåñòâåííîå ìíåíèå.;;;X,,,,,,,,,,,,,,,,,,,,,,,,,,,,,,,,,,,,,,,,,,,,,,,,,,,,,,,,,,,,,,,,,,,,
NPERSONALITY_PLANNED_ECONOMY_PROPONENT;Planned Economy Proponent;Le Partisan d'une économie planifiée;Sostenitore di un'economia pianificata;Defensor de la economía planeada;Befürworter der Planwirtschaft;Zwolennik gospodarki planowej;;Ñòîğîííèê ïëàíîâîé ıêîíîìèêè;;;X,,,,,,,,,,,,,,,,,,,,,,,,,,,,,,,,,,,,,,,,,,,,,,,,,,,,,,,,,,,,,,,,,,,,,,
DPERSONALITY_PLANNED_ECONOMY_PROPONENT;A planned economy is an economic system in which decisions regarding production and investment are embodied in a plan formulated by a central authority, usually by a government agency.;Une économie planifiée est un système économique dans lequel les décisions concernant la production et les investissements sont incluses dans un plan formulé par une autorité centrale, généralement une agence gouvernementale.;L'economia pianificata è un sistema economico in cui le decisioni in materia di produzione e di investimento sono incorporate in un piano formulato da un'autorità centrale, di solito da un ente governativo.;Una economía planificada es un sistema económico en el cual las decisiones convenientes a la producción y la inversión son incorporadas en un plan formulado por una autoridad central, como una agencia del gobierno.;Eine Planwirtschaft ist ein ökonomisches System, in dem Produktionsziele und Investionen von zentraler Stelle vorgegeben werden.;Ekonomia planowa jest systemem gospodarczym, w którym decyzje dotycz¹ce produkcji i inwestycji s¹ zawarte w planie sformu³owanym przez centralnego planistê, zazwyczaj wystêpuj¹cego jako agencja rz¹dowa.;;Ïëàíîâàÿ ıêîíîìèêà ıòî ıêîíîìè÷åñêàÿ ñèñòåìà, â êîòîğîé ğåøåíèÿ îòíîñèòåëüíî ïğîèçâîäñòâà è èíâåñòèöèé âîïëîùåíû â ïëàíå, ñîñòàâëÿåìîì öåíòğàëüíîé âëàñòüş, îáû÷íî ïğàâèòåëüñòâåííûì àãåíòñòâîì.;;;X,,,,,,,,,,,,,,,,,,,,,,,,,,,,,,,,,,,,,,,,,,,,,,,,,,,,,,,,,,,,
NPERSONALITY_KEYNESIAN;Keynesian Economy Proponent;Le Partisan d'une économie Keynésienne;Sostenitore di un'economia keynesiana;Defensor de la economía Keynesiana;Befürworter der Keynesianischen Wirtschaft;Zwolennik gospodarki keynesowskiej;;Ñòîğîííèê êåéíñèàíñêîé ıêîíîìèêè;;;X,,,,,,,,,,,,,,,,,,,,,,,,,,,,,,,,,,,,,,,,,,,,,,,,,,,,,,,,,,,,,,,,,,,,,,
DPERSONALITY_KEYNESIAN;Keynesian economics argues that private sector decisions sometimes lead to inefficient macroeconomic outcomes and, therefore, advocates active policy responses by the public sector, including monetary policy actions by the central bank and fiscal policy actions by the government to stabilize output over the business cycle.;Une économie de type Keynésienne soutient que les décisions prises par le secteur privé ont parfois pour conséquence des résultats économiques inefficaces. En conséquence, elle promeut une réponse active par le secteur public, incluant des politiques monétaires par la Banque Centrale et des politiques fiscales par le gouvernement pour adoucir les cycles économiques.;L'economia keynesiana sostiene che le decisioni del settore privato, a volte, portano a risultati macroeconomici inefficienti e quindi sostiene risposte politiche attive del settore pubblico, comprese azioni di politica monetaria della banca centrale ed azioni di politica fiscale da parte del governo per stabilizzare l'output del ciclo economico.;Una economía Keynesania argumenta que las decisiones del sector privado algunas veces llevan a una macroeconomía ineficiente y, además, requiere respuestas de política activa por parte del sector público, incluyendo acciones monetarias por el banco central y acciones fiscales por el gobierno para estabilizar la producción durante un ciclo económico.;Verfechter dieser Wirtschaftspolitik argumentieren, daß Entscheidungen des privaten Sektors ab und zu zu ineffizienten Makroökonomischen Situationen führen können und befürworten ein Eingreifen des Staates und der Zentralbank mit Massnahmen, die letztlich wieder in einer Stabilisierung der Wirtschaft münden.;Ekonomiœci z nurtu keynesowskiego postuluj¹, ¿e decyzje sektora prywatnego niekiedy prowadz¹ do nieefektywnoœci w gospodarce i tym samym g³osz¹ potrzebê aktywnej polityki sektora publicznego, w ramach której zawiera siê prowadzenie przez bank centralny polityki monetarnej oraz prowadzenie przez rz¹d polityki fiskalnej w celu ustabilizowania cyklu koniunkturalnego.;;Êåéíñèàíñêàÿ ıêîíîìèêà âîçğàæàåò, ÷òî ğåøåíèÿ ÷àñòíîãî ñåêòîğà îáû÷íî âåäóò ê íåıôôåêòèâíîìó ìàêğîıêîíîìè÷åñêîìó ğåçóëüòàòó, è â òî æå âğåìÿ çàùèùàåò àêòèâíîå âëèÿíèå ïîëèòèêè íà îáùåñòâåííûé ñåêòîğ, âêëş÷àÿ îïåğàöèè ìîíåòàğíîé ïîëèòèêè, âûïîëíÿåìûå öåíòğàëüíûì áàíêîì è äåéñòâèÿ ôèñêàëüíîé ïîëèòèêè ïğàâèòåëüñòâà, ÷òîáû ñòàáèëèçîâàòü äîõîäû â öèêëàõ áèçíåñà.;;;X,,,,,,,,,,,,,,,,,,,,,,,,,,,,,,,,,,,,,,,,,,,,,,,,,,
NPERSONALITY_REFORMER;Reformer of the Army;Réformateur de l'armée;Riformatore delle forze armate;Reformador del Ejército;Reformer der Armee;Reformator armii;;Âîåííûé ğåôîğìàòîğ;;;X,,,,,,,,,,,,,,,,,,,,,,,,,,,,,,,,,,,,,,,,,,,,,,,,,,,,,,,,,,,,,,,,,,,,,,
DPERSONALITY_REFORMER;The Reformer of the Army concentrates his effort on the modernization of the armed forces.;Le réformateur de l'armée concentre ses efforts sur la modernisation des forces armées.;Il riformatore dell'esercito concentra il suoi sforzi per l'ammodernamento delle forze armate.;El Reformador de la Armada concentra sus esfuerzos en la modernización de las fuerzas armadas.;Der Reformer der Armee konzentriert sich darauf eine möglichst moderne Armee zu schaffen und zu erhalten.;Reformator armii koncentruje swoje wysi³ki na reformie krajowych si³ zbrojnych.;;Âîåííûé ğåôîğìàòîğ êîíöåíòğèğóåò ñâîè óñèëèÿ íà ìîäåğíèçàöèè âîîğóæåííûõ ñèë.;;;X,,,,,,,,,,,,,,,,,,,,,,,,,,,,,,,,,,,,,,,,,,,,,,,,,,,,,,,,,,,,,,,,,,,,,,
NPERSONALITY_CONSTRUCTION_MAGNATE;Construction Magnate;Le Magnat du bâtiment;Magnate delle costruzioni;Magnate de la construcción;Baulöwe;Magnat budowlany;;Ñòğîèòåëüíûé ìàãíàò;;;X,,,,,,,,,,,,,,,,,,,,,,,,,,,,,,,,,,,,,,,,,,,,,,,,,,,,,,,,,,,,,,,,,,,,,,
DPERSONALITY_CONSTRUCTION_MAGNATE;The Construction Magnate has a prominent place in the construction industry. He can use his position to increase the productivity of his industries and boost the construction of roads, airports, naval base and others infrastructures.;Le magnat du bâtiment a une position bien établie dans l'industrie du bâtiment. Il peut l'utiliser pour accroître la productivité de ses industries et pousser à la construction de routes, d'aéroports, de bases navales et autres infrastructures.;Il Magnate delle costruzioni ha un posto preminente nel settore. Può usare la sua posizione per aumentare la produttività delle sue industrie e dare impulso alla costruzione di strade, aeroporti, basi navali ed altre infrastrutture.;El Magnate de la Construcción tiene un lugar prominente en la industria de la construcción. Puede usar su posición para incrementar la productividad de las industrias e impulsar la construcción de carreteras, aeropuertos, bases navales y otras infraestructuras.;Der Baulöwe hat eine angesehene Position innerhalb der Baubranche. Er kann diese nutzen, um die Produktivität im allgemeinen zu steigern und den Bau von Flugplätzen, Strassen und anderer Infrastruktur voranzutreiben.;Magnat budowlany gra pierwsze skrzypce w przemyœle konstrukcyjnym kraju. Mo¿e u¿ywaæ swoich wp³ywów w celu zwiêkszenia efektywnoœci dzia³ania przemys³u i przyspieszenia konstrukcji dróg, lotnisk, baz morskich oraz innych elementów infrastruktury.;;Ñòğîèòåëüíûé ìàãíàò èìååò ïîñòîÿííîå âëèÿíèå íà ñòğîèòåëüíóş èíäóñòğèş. Îí ìîæåò èñïîëüçîâàòü ñâîå ïîëîæåíèå, ÷òîáû óâåëè÷èâàòü ïğîèçâîäèòåëüíîñòü ñâîåé ïğîìûøëåííîñòè è óñêîğÿòü ñòğîèòåëüñòâî äîğîã, àığîïîğòîâ, ìîğñêèõ áàç è äğóãîé èíôğàñòğóêòóğû.;;;X,,,,,,,,,,,,,,,,,,,,,,,,,,,,,,,,,,,,,,,,,,,,,,,,,,,,,,,
NPERSONALITY_BUDGET;Balanced Budget Proponent;Partisan d'un budget équilibré;Sostenitore di un bilancio equilibrato;Defensor de la economía balanceada;Hauslhaltsexperte;Zwolennik zbilansowanego bud¿etu;;Ñòîğîííèê ñáàëàíñèğîâàííîãî áşäæåòà;;;X,,,,,,,,,,,,,,,,,,,,,,,,,,,,,,,,,,,,,,,,,,,,,,,,,,,,,,,,,,,,,,,,,,,,,,
DPERSONALITY_BUDGET;This minister fights to have a balanced budget, with tight fiscal, limits on welfare and foreign aid.;Ce ministre se bat pour avoir un budget équilibré, un crédit cher, un état-providence limité et peu d'aides étrangères.;Questo ministro si batte per avere un bilancio in pareggio, quando è a corto di fondi, limita il welfare e gli aiuti internazionali.;Este ministro lucha para tener un presupuesto balanceado, limitando el presupuesto en bienestar y ayuda al extranjero.;Dieser Minister macht sich für einen ausgeglichenen Haushalt stark, der nur wenige Ausgaben für Soziales und Entwicklungshilfe vorsieht.;Ten minister jest gotów podj¹æ walkê w imiê zbilansowanego bud¿etu, z siln¹ kontrol¹ wydatków, limitami na wydatki zwi¹zane z pomoc¹ spo³eczn¹ i wsparciem innych krajów.;;İòîò ìèíèñòğ áîğåòñÿ çà ñáàëàíñèğîâàííûé áşäæåò ñ ôèêñèğîâàííûìè äåíåæíûìè çíà÷åíèÿìè, ëèìèòàìè íà èíîñòğàííóş ïîìîùü è èíòåğâåíöèîííûå èíâåñòèöèè.;;;X,,,,,,,,,,,,,,,,,,,,,,,,,,,,,,,,,,,,,,,,,,,,,,,,,,,,,,,,,,,
NPERSONALITY_MIXED;Mixed Economy Proponent;Le Partisan d'une économie mixte;Sostenitore di un'economia mista;Defensor de la economía mixta;Mischwirtschaftler;Zwolennik gospodarki mieszanej;;Ñòîğîííèê ñìåøàííîé ıêîíîìèêè;;;X,,,,,,,,,,,,,,,,,,,,,,,,,,,,,,,,,,,,,,,,,,,,,,,,,,,,,,,,,,,,,,,,,,,,,,
DPERSONALITY_MIXED;A Mixed economy is an economic system in which both the state and the private sector direct the economy, with characteristics proper of both market economies and planned economies. Most mixed economies can be described as market economies with strong regulatory oversight, in addition to having a variety of government-sponsored aspects.;Une économie mixte est un stème économique dans lequel l'État et le secteur privé dirigent l'économie, avec des traits propres aux économies de marché et aux économies planifiées. La plupart des économies mixtes peuvent être décrites comme étant des économies de marché soumises à de fortes régulations, en plus d'avoir des particularités propres aux politiques gouvernementales.;L'economia mista è un sistema economico in cui sia lo Stato sia il settore privato indirizzano l'economia, con caratteristiche proprie sia delle economie di mercato che di quelle pianificate. La maggior parte delle economie miste può essere descritta come economie di mercato con forte supervisione regolamentare, oltre ad avere una varietà di aspetti sponsorizzati dal governo.;Una economía mixta es un sistema económico en el que el Estado y el sector privado dirigen la economía, con características propias de economías de mercado y economías planificadas. La mayoría de las economías mixtas pueden ser descritas como economías de mercado con una fuerte supervisión reguladora, además de tener aspectos de un gobierno.;Mischwirtschaft ist ein Wirtschaftssystem, das irgendwo zwischen Markt- und Planwirtschaft steht. Die meisten dieser Wirtschaften sind Marktwirtschaften mit starken staatlichen Einflüssen und Regularien.;Gospodarka mieszana to system ekonomicznym, w którym wspó³istniej¹ silne sektory publiczny i prywatny, a charakterystyki gospodarek planowych i rynkowych wspó³istniej¹ ze sob¹. Wiêkszoœæ mieszanych gospodarek mo¿e byæ opisana jako gospodarki rynkowe z silnym udzia³em kontroli regulacyjnej, jak równie¿ aktywnym wsparciem inwestycji przez rz¹d.;;Ñìåøàííàÿ ıêîíîìèêà ıòî ıêîíîìè÷åñêàÿ ñèñòåìà, â êîòîğîé è ãîñóäàğñòâî, è ÷àñòíûé ñåêòîğ íàïğàâëÿşò ıêîíîìèêó. İòî ñèñòåìà ñ êà÷åñòâàìè è ğûíî÷íîé, è ïëàíîâîé ıêîíîìèêè. Áîëüøèíñòâî ñìåøàííûõ ıêîíîìèê ìîãóò áûòü îïèñàíû êàê ğûíî÷íûå ıêîíîìèêè ñ ñèëüíûìè ğåãóëèğóşùèìè ñòğóêòóğàìè, â äîïîëíåíèå ê ğàçíîîáğàçíûì ãîñóäàğñòâåííî-ñïîíñèğîâàííûì ïğåäïğèÿòèÿì.;;;X,,,,,,,,,,,,,,,,,,,,,,,,,,,,,,,,,,,,,,,,,,,,,,,,,,,,,,
NPERSONALITY_COMMANDO_DOCTRINE;The Special Forces Proponent;Partisan des forces spéciales;Sostenitore delle Forze Speciali;Defensor de las Fuerzas Armadas;Befürworter von Spezialeinheiten;Zwolennik si³ specjalnych;;Ñòîğîííèê ğàçâèòèÿ ñïåöñëóæá;;;X,,,,,,,,,,,,,,,,,,,,,,,,,,,,,,,,,,,,,,,,,,,,,,,,,,,,,,,,,,,,,,,,,,,,,,
DPERSONALITY_COMMANDO_DOCTRINE_STAFF;This Chief of the Staff believes in the use of Special Forces and teaches that small but highly trained formations are the essence of modern warfare.;Ce chef d'état-major croit fermement en l'utilisation de forces spéciales, et enseigne que des unités petites mais particulièrement bien entraînées sont le fondement de la guerre moderne.;Questo Capo di Stato Maggiore crede nell'uso delle Forze Speciali e sostiene che formazioni piccole ma altamente addestrate sono l'essenza della guerra moderna.;Este Jefe de Estado cree en el uso de Fuerzas Especiales y enseña que formaciones pequeñas pero altamente entrenadas son la esencia de la guerra moderna.;Dieser Stabschef ist der Meinung, daß der Einsatz kleiner, spezialisierter Kommandoeinheiten die moderne Kriegführung ausmachen.;Ten szef sztabu wierzy w szczególn¹ rolê si³ speecjalnych i g³osi, ¿e ma³e, ale œwietnie wyszkolone oddzia³y s¹ esencj¹ nowoczesnej sztuki wojennej.;;İòîò íà÷àëüíèê ãåíøòàáà âåğèò, ÷òî èñïîëüçîâàíèå ñïåöèàëüíûõ ïîäğàçäåëåíèé è òåõíîëîãèé, êîòîğûå ìàëû, íî ïğåêğàñíî ïîäãîòîâëåíû, ÿâëÿşòñÿ îñíîâîé ñîâğåìåííûõ âîåííûõ äåéñòâèé.;;;X,,,,,,,,,,,,,,,,,,,,,,,,,,,,,,,,,,,,,,,,,,,,,,,,,,,,,,,,,,,,,
DPERSONALITY_COMMANDO_DOCTRINE_ARMY;This Chief of the Army belives that the use of highly trained Special Forces can make the difference in the battle.;Ce chef de l'armée pense que l'utilisation de forces spéciales très entraînées peut faire toute la différence durant une bataille.;Questo capo di stato maggiore dell'esercito crede che l'uso di forze speciali altamente addestrate può fare la differenza in battaglia.;Este jefe del Ejército cree que el uso de Fuerzas Especiales altamente entrenadas puede marcar la diferencia en batalla.;Dieser Armeechef ist der Meinung, daß der Einsatz hochtrainierter Spezialkräfte in einem Krieg den Unterschied zwischen Sieg und Niederlage ausmachen wird.;Ten dowódca sztabu armii uwa¿a, ¿e u¿ycie œwietnie wyszkolonych s³u¿b specjalnych mo¿e przewa¿yæ losy staræ na nasz¹ korzyœæ.;;İòîò êîìàíäóùèé àğìèåé âåğèò, ÷òî èñïîëüçîâàíèå âûñîêîòğåíèğîâàííûõ ñïåöñëóæá ïîçâîëÿåò ïåğåëîìèòü èñõîä ñğàæåíèÿ.;;;X,,,,,,,,,,,,,,,,,,,,,,,,,,,,,,,,,,,,,,,,,,,,,,,,,,,,,,,,,,,,,,,,,,,
NPERSONALITY_AUTONOMY_DOCTRINE;The Doctrine of Autonomy;Doctrine de l'autonomie;Dottrina dell'autonomia;Doctrina de autonomía;Die Doktrin der Autonomie;Doktryna autonomii;;Äîêòğèíà àâòîíîìèè;;;X,,,,,,,,,,,,,,,,,,,,,,,,,,,,,,,,,,,,,,,,,,,,,,,,,,,,,,,,,,,,,,,,,,,,,,
DPERSONALITY_AUTONOMY_DOCTRINE;This Chief of the Staff believes in the Doctrine of Autonomy. This means that allowing the operational commanders freedom of command is essential for winning the war.;Ce chef d'état-major croit fermement en la doctrine de l'autonomie. Cela signifie qu'allouer une liberté de commandement opérationnel est primordial pour gagner la guerre.;Questo Capo di Stato Maggiore crede nella dottrina dell'autonomia. Ciò significa che lasciare libertà di comando ai comandanti sul campo di è essenziale per vincere la guerra.;Este Jefe de Estado cree en la doctrina de autonomía. Esto significa que permitir libertad de mando a los comandantes es esencial para ganar la guerra.;Dieser Stabschef ist der Meinung, daß Feldkommandeure im Rahmen ihrer Operationsziele selbstständig agieren müssen, um den Krieg zu gewinnen.;Ten szef sztabu jest wyznawc¹ doktryny autonomii. G³osi ona, ¿e zezwolenie na daleko id¹c¹ samodzielnoœæ dowódców poszczególnych oddzia³ów jest kluczowe w wygrywaniu wojen.;;İòîò íà÷àëüíèê ãåíøòàáà âåğèò â äîêòğèíó àâòîíîìèè. İòî îçíà÷àåò, ÷òî ïğåäîñòàâëåíèå íèæåñòîÿùèì êîìàíäèğàì òàêòè÷åñêîé è îïåğàòèâíîé ñâîáîäû æèçíåííî âàæíî äëÿ ïîáåäû â âîéíå;;;X,,,,,,,,,,,,,,,,,,,,,,,,,,,,,,,,,,,,,,,,,,,,,,,,,,,,,,,,,,,,,,,,,,
NPERSONALITY_STRATEGIC_MISSILE_FOCUS;Strategic Missile Focus;Strategic Missile Focus;Strategic Missile Focus;Strategic Missile Focus;Strategic Missile Focus;Strategic Missile Focus;Strategic Missile Focus;;;;x,,,,,,,,,,,,,,,,,,,,,,,,,,,,,,,,,,,,,,,,,,,,,,,,,,,,,,,,,,,,,,,,,,,,,,
DPERSONALITY_STRATEGIC_MISSILE_FOCUS;This Chief of the Staff believes that long range rockets or missiles are necessary for modern warfare.;This Chief of the Staff believes that long range rockets or missiles are necessary for modern warfare.;This Chief of the Staff believes that long range rockets or missiles are necessary for modern warfare.;This Chief of the Staff believes that long range rockets or missiles are necessary for modern warfare.;This Chief of the Staff believes that long range rockets or missiles are necessary for modern warfare.;This Chief of the Staff believes that long range rockets or missiles are necessary for modern warfare.;This Chief of the Staff believes that long range rockets or missiles are necessary for modern warfare.;;;;x,,,,,,,,,,,,,,,,,,,,,,,,,,,,,,,,,,,,,,,,,,,,,,,,,,,,,,,,,,,,,,,,,,,,,,
NPERSONALITY_DEEPBATTLEDOCTRINE;Deep Battle Proponent;Deep Battle Proponent;Deep Battle Proponent;Deep Battle Proponent;Deep Battle Proponent;Deep Battle Proponent;Deep Battle Proponent;;;;x,,,,,,,,,,,,,,,,,,,,,,,,,,,,,,,,,,,,,,,,,,,,,,,,,,,,,,,,,,,,,,,,,,,,,,
DPERSONALITY_DEEPBATTLEDOCTRINE;This Chief of the Staff believes in the use of tanks, motorized infantry and aircraft in combined operations to disrupt the enemy to their full strategic depth.;This Chief of the Staff believes in the use of tanks, motorized infantry and aircraft in combined operations to disrupt the enemy to their full strategic depth.;This Chief of the Staff believes in the use of tanks, motorized infantry and aircraft in combined operations to disrupt the enemy to their full strategic depth.;This Chief of the Staff believes in the use of tanks, motorized infantry and aircraft in combined operations to disrupt the enemy to their full strategic depth.;This Chief of the Staff believes in the use of tanks, motorized infantry and aircraft in combined operations to disrupt the enemy to their full strategic depth.;This Chief of the Staff believes in the use of tanks, motorized infantry and aircraft in combined operations to disrupt the enemy to their full strategic depth.;This Chief of the Staff believes in the use of tanks, motorized infantry and aircraft in combined operations to disrupt the enemy to their full strategic depth.;;;;x,,,,,,,,,,,,,,,,,,,,,,,,,,,,,,,,,,,,,,,,,,,,,,,,,,,,,,,,,,,,,,,
NPERSONALITY_ANTIPARTISAN_DOCTRINE;Counter-insurgency Doctrine;Counter-insurgency Doctrine;Counter-insurgency Doctrine;Counter-insurgency Doctrine;Counter-insurgency Doctrine;Counter-insurgency Doctrine;Counter-insurgency Doctrine;;;;x,,,,,,,,,,,,,,,,,,,,,,,,,,,,,,,,,,,,,,,,,,,,,,,,,,,,,,,,,,,,,,,,,,,,,,
DPERSONALITY_ANTIPARTISAN_DOCTRINE;Counterinsurgency warfare is a form of irregular warfare which relies on the use of mass arrests, torture or even mass executions to eliminate rebellious insurgents or resistance groups.;Counterinsurgency warfare is a form of irregular warfare which relies on the use of mass arrests, torture or even mass executions to eliminate rebellious insurgents or resistance groups.;Counterinsurgency warfare is a form of irregular warfare which relies on the use of mass arrests, torture or even mass executions to eliminate rebellious insurgents or resistance groups.;Counterinsurgency warfare is a form of irregular warfare which relies on the use of mass arrests, torture or even mass executions to eliminate rebellious insurgents or resistance groups.;Counterinsurgency warfare is a form of irregular warfare which relies on the use of mass arrests, torture or even mass executions to eliminate rebellious insurgents or resistance groups.roups.;Counterinsurgency warfare is a form of irregular warfare which relies on the use of mass arrests, torture or even mass executions to eliminate rebellious insurgents or resistance groups.;Counterinsurgency warfare is a form of irregular warfare which relies on the use of mass arrests, torture or even mass executions to eliminate rebellious insurgents or resistance groups.;;;;x,,,,,,,,,,,,,,,,,,,,,,,,,,,,,,,,,,,,,,,,,,,,,,,,,,,,,,,,,,,,,,,
NPERSONALITY_CAVALRY_DOCTRINE;Old Cavalry General;Old Cavalry General;Old Cavalry General;Old Cavalry General;Old Cavalry General;Old Cavalry General;Old Cavalry General;;;;x,,,,,,,,,,,,,,,,,,,,,,,,,,,,,,,,,,,,,,,,,,,,,,,,,,,,,,,,,,,,,,,,,,,,,,
DPERSONALITY_CAVALRY_DOCTRINE;This Chief of the Army still believes in the importance of a fast-paced attack led by the cavalry and projects a disdain for armoured vehicles.;This Chief of the Army still believes in the importance of a fast-paced attack led by the cavalry and projects a disdain for armoured vehicles.;This Chief of the Army still believes in the importance of a fast-paced attack led by the cavalry and projects a disdain for armoured vehicles.;This Chief of the Army still believes in the importance of a fast-paced attack led by the cavalry and projects a disdain for armoured vehicles.;This Chief of the Army still believes in the importance of a fast-paced attack led by the cavalry and projects a disdain for armoured vehicles.;This Chief of the Army still believes in the importance of a fast-paced attack led by the cavalry and projects a disdain for armoured vehicles.;This Chief of the Army still believes in the importance of a fast-paced attack led by the cavalry and projects a disdain for armoured vehicles.;;;;x,,,,,,,,,,,,,,,,,,,,,,,,,,,,,,,,,,,,,,,,,,,,,,,,,,,,,,,,,,,,,,,,,,,,,,
NPERSONALITY_COMBAT_ENGINEER_DOCTRINE;Combat Engineering Doctrine;Combat Engineering Doctrine;Combat Engineering Doctrine;Combat Engineering Doctrine;Combat Engineering Doctrine;Combat Engineering Doctrine;Combat Engineering Doctrine;;;;x,,,,,,,,,,,,,,,,,,,,,,,,,,,,,,,,,,,,,,,,,,,,,,,,,,,,,,,,,,,,,,,,,,,,,,
DPERSONALITY_COMBAT_ENGINEER_DOCTRINE;This Chief of the Army believes in the use of engineering troops to facilitate the advance of land forces by overcoming natural and man-made obstacles.;This Chief of the Army believes in the use of engineering troops to facilitate the advance of land forces by overcoming natural and man-made obstacles.;This Chief of the Army believes in the use of engineering troops to facilitate the advance of land forces by overcoming natural and man-made obstacles.;This Chief of the Army believes in the use of engineering troops to facilitate the advance of land forces by overcoming natural and man-made obstacles.;This Chief of the Army believes in the use of engineering troops to facilitate the advance of land forces by overcoming natural and man-made obstacles.;This Chief of the Army believes in the use of engineering troops to facilitate the advance of land forces by overcoming natural and man-made obstacles.;This Chief of the Army believes in the use of engineering troops to facilitate the advance of land forces by overcoming natural and man-made obstacles.;;;;x,,,,,,,,,,,,,,,,,,,,,,,,,,,,,,,,,,,,,,,,,,,,,,,,,,,,,,,,,,,,,,,,,,,,,,
NPERSONALITY_AVIATION_ORGANIZER;Aviation Organizer;Aviation Organizer;Aviation Organizer;Aviation Organizer;Aviation Organizer;Aviation Organizer;Aviation Organizer;;;;x,,,,,,,,,,,,,,,,,,,,,,,,,,,,,,,,,,,,,,,,,,,,,,,,,,,,,,,,,,,,,,,,,,,,,,
DPERSONALITY_AVIATION_ORGANIZER;This Chief of the Air Force directs the rebuilding and modernization of the air forces.;This Chief of the Air Force directs the rebuilding and modernization of the air forces.;This Chief of the Air Force directs the rebuilding and modernization of the air forces.;This Chief of the Air Force directs the rebuilding and modernization of the air forces.;This Chief of the Air Force directs the rebuilding and modernization of the air forces.;This Chief of the Air Force directs the rebuilding and modernization of the air forces.;This Chief of the Air Force directs the rebuilding and modernization of the air forces.;;;;x,,,,,,,,,,,,,,,,,,,,,,,,,,,,,,,,,,,,,,,,,,,,,,,,,,,,,,,,,,,,,,,,,,,,,,
NPERSONALITY_AIR_DEFENCE_DOCTRINE;Air Defence Doctrine;Air Defence Doctrine;Air Defence Doctrine;Air Defence Doctrine;Air Defence Doctrine;Air Defence Doctrine;Air Defence Doctrine;;;;x,,,,,,,,,,,,,,,,,,,,,,,,,,,,,,,,,,,,,,,,,,,,,,,,,,,,,,,,,,,,,,,,,,,,,,
DPERSONALITY_AIR_DEFENCE_DOCTRINE;This Chief of the Air Force directs the utilization of anti-air artillery and radar coordination tactics to defend the homeland, the own population and the ground forces against enemy's air force.;This Chief of the Air Force directs the utilization of anti-air artillery and radar coordination tactics to defend the homeland, the own population and the ground forces against enemy's air force.;This Chief of the Air Force directs the utilization of anti-air artillery and radar coordination tactics to defend the homeland, the own population and the ground forces against enemy's air force.;This Chief of the Air Force directs the utilization of anti-air artillery and radar coordination tactics to defend the homeland, the own population and the ground forces against enemy's air force.;This Chief of the Air Force directs the utilization of anti-air artillery and radar coordination tactics to defend the homeland, the own population and the ground forces against enemy's air force.;This Chief of the Air Force directs the utilization of anti-air artillery and radar coordination tactics to defend the homeland, the own population and the ground forces against enemy's air force.;This Chief of the Air Force directs the utilization of anti-air artillery and radar coordination tactics to defend the homeland, the own population and the ground forces against enemy's air force.;;;;x,,,,,,,,,,,,,,,,,,,,,,,,,,,,,,,,,,,,,,,,,,,,,,,,,,,,,,,,,,,,,,,
NPERSONALITY_RIVERINE_WARFARE_DOCTRINE;Riverine Warfare Doctrine;Riverine Warfare Doctrine;Riverine Warfare Doctrine;Riverine Warfare Doctrine;Riverine Warfare Doctrine;Riverine Warfare Doctrine;Riverine Warfare Doctrine;;;;x,,,,,,,,,,,,,,,,,,,,,,,,,,,,,,,,,,,,,,,,,,,,,,,,,,,,,,,,,,,,,,,,,,,,,,
DPERSONALITY_RIVERINE_WARFARE_DOCTRINE;This Chief of the Navy directs the utilization of the littoral navy to control inland waterways and support land forces.;This Chief of the Navy directs the utilization of the littoral navy to control inland waterways and support land forces.;This Chief of the Navy directs the utilization of the littoral navy to control inland waterways and support land forces.;This Chief of the Navy directs the utilization of the littoral navy to control inland waterways and support land forces.;This Chief of the Navy directs the utilization of the littoral navy to control inland waterways and support land forces.;This Chief of the Navy directs the utilization of the littoral navy to control inland waterways and support land forces.;This Chief of the Navy directs the utilization of the littoral navy to control inland waterways and support land forces.;;;;x,,,,,,,,,,,,,,,,,,,,,,,,,,,,,,,,,,,,,,,,,,,,,,,,,,,,,,,,,,,,,,,,,,,,,,
NPERSONALITY_MERCHANT_NAVY_FOCUS;Merchant Navy Focus;Merchant Navy Focus;Merchant Navy Focus;Merchant Navy Focus;Merchant Navy Focus;Merchant Navy Focus;Merchant Navy Focus;;;;x,,,,,,,,,,,,,,,,,,,,,,,,,,,,,,,,,,,,,,,,,,,,,,,,,,,,,,,,,,,,,,,,,,,,,,
DPERSONALITY_MERCHANT_NAVY_FOCUS;The merchant navy has priority over the naval forces. This way, the government seeks to strengthen the economy and indirectly support the country's war efforts.;The merchant navy has priority over the naval forces. This way, the government seeks to strengthen the economy and indirectly support the country's war efforts.;The merchant navy has priority over the naval forces. This way, the government seeks to strengthen the economy and indirectly support the country's war efforts.;The merchant navy has priority over the naval forces. This way, the government seeks to strengthen the economy and indirectly support the country's war efforts.;The merchant navy has priority over the naval forces. This way, the government seeks to strengthen the economy and indirectly support the country's war efforts.;The merchant navy has priority over the naval forces. This way, the government seeks to strengthen the economy and indirectly support the country's war efforts.;The merchant navy has priority over the naval forces. This way, the government seeks to strengthen the economy and indirectly support the country's war efforts.;;;;x,,,,,,,,,,,,,,,,,,,,,,,,,,,,,,,,,,,,,,,,,,,,,,,,,,,,,,,,,,,,,,,
NPERSONALITY_COASTAL_DEFENCE_DOCTRINE;Coastal Defence Doctrine;Coastal Defence Doctrine;Coastal Defence Doctrine;Coastal Defence Doctrine;Coastal Defence Doctrine;Coastal Defence Doctrine;Coastal Defence Doctrine;;;;x,,,,,,,,,,,,,,,,,,,,,,,,,,,,,,,,,,,,,,,,,,,,,,,,,,,,,,,,,,,,,,,,,,,,,,
DPERSONALITY_COASTAL_DEFENCE_DOCTRINE;This Chief of the Navy directs the utilization of coastal forts and artillery along with coastal defense ships and gunboats to repel naval invasion.;This Chief of the Navy directs the utilization of coastal forts and artillery along with coastal defense ships and gunboats to repel naval invasion.;This Chief of the Navy directs the utilization of coastal forts and artillery along with coastal defense ships and gunboats to repel naval invasion.;This Chief of the Navy directs the utilization of coastal forts and artillery along with coastal defense ships and gunboats to repel naval invasion.;This Chief of the Navy directs the utilization of coastal forts and artillery along with coastal defense ships and gunboats to repel naval invasion.;This Chief of the Navy directs the utilization of coastal forts and artillery along with coastal defense ships and gunboats to repel naval invasion.;This Chief of the Navy directs the utilization of coastal forts and artillery along with coastal defense ships and gunboats to repel naval invasion.;;;;x,,,,,,,,,,,,,,,,,,,,,,,,,,,,,,,,,,,,,,,,,,,,,,,,,,,,,,,,,,,,,,,,,,,,,,
NPERSONALITY_HYDROGRAPHIC_SERVICE;Hydrographic Service Proponent;Hydrographic Service Proponent;Hydrographic Service Proponent;Hydrographic Service Proponent;Hydrographic Service Proponent;Hydrographic Service Proponent;Hydrographic Service Proponent;;;;x,,,,,,,,,,,,,,,,,,,,,,,,,,,,,,,,,,,,,,,,,,,,,,,,,,,,,,,,,,,,,,,,,,,,,,
DPERSONALITY_HYDROGRAPHIC_SERVICE;This Chief of the Navy directs the utilization of naval navigators, surveyors and oceanographic information to aid the navy and in the detection of enemy naval forces.;This Chief of the Navy directs the utilization of naval navigators, surveyors and oceanographic information to aid the navy and in the detection of enemy naval forces.;This Chief of the Navy directs the utilization of naval navigators, surveyors and oceanographic information to aid the navy and in the detection of enemy naval forces.;This Chief of the Navy directs the utilization of naval navigators, surveyors and oceanographic information to aid the navy and in the detection of enemy naval forces.;This Chief of the Navy directs the utilization of naval navigators, surveyors and oceanographic information to aid the navy and in the detection of enemy naval forces.;This Chief of the Navy directs the utilization of naval navigators, surveyors and oceanographic information to aid the navy and in the detection of enemy naval forces.;This Chief of the Navy directs the utilization of naval navigators, surveyors and oceanographic information to aid the navy and in the detection of enemy naval forces.;;;;x,,,,,,,,,,,,,,,,,,,,,,,,,,,,,,,,,,,,,,,,,,,,,,,,,,,,,,,,,,,,,,,
NPERSONALITY_COUNTERINTELLIGENCE_SPECIALIST;Counterintelligence Specialist;Counterintelligence Specialist;Counterintelligence Specialist;Counterintelligence Specialist;Counterintelligence Specialist;Counterintelligence Specialist;Counterintelligence Specialist;;;;x,,,,,,,,,,,,,,,,,,,,,,,,,,,,,,,,,,,,,,,,,,,,,,,,,,,,,,,,,,,,,,,,,,,,,,
DPERSONALITY_COUNTERINTELLIGENCE_SPECIALIST;The Counterintelligence Specialist concentrates his effort on foiling the work of enemy intelligence efforts or turning enemy agents.;The Counterintelligence Specialist concentrates his effort on foiling the work of enemy intelligence efforts or turning enemy agents.;The Counterintelligence Specialist concentrates his effort on foiling the work of enemy intelligence efforts or turning enemy agents.;The Counterintelligence Specialist concentrates his effort on foiling the work of enemy intelligence efforts or turning enemy agents.;The Counterintelligence Specialist concentrates his effort on foiling the work of enemy intelligence efforts or turning enemy agents.;The Counterintelligence Specialist concentrates his effort on foiling the work of enemy intelligence efforts or turning enemy agents.;The Counterintelligence Specialist concentrates his effort on foiling the work of enemy intelligence efforts or turning enemy agents.;;;;x,,,,,,,,,,,,,,,,,,,,,,,,,,,,,,,,,,,,,,,,,,,,,,,,,,,,,,,,,,,,,,,,,,,,,,
NPERSONALITY_TACTICAL_AVIATION_DOCTRINE;Tactical Aviation Doctrine;Doctrine de l'aviation tactique;Dottrina dell'aviazione tattica;Doctrina de aviación táctica;Taktischeflieger-Doktrin;Doktryna lotnictwa taktycznego;Doutrina Tática da Aviação;;;;X,,,,,,,,,,,,,,,,,,,,,,,,,,,,,,,,,,,,,,,,,,,,,,,,,,,,,,,,,,,,,,,,,,,,,,
DPERSONALITY_TACTICAL_AVIATION_DOCTRINE;This Chief of the Air Force directs the utilization of fighters, fighter-bombers, attack, and recon aircraft in close support of the ground and naval forces.;This Chief of the Air Force directs the utilization of fighters, fighter-bombers, attack, and recon aircraft in close support of the ground and naval forces.;This Chief of the Air Force directs the utilization of fighters, fighter-bombers, attack, and recon aircraft in close support of the ground and naval forces.;This Chief of the Air Force directs the utilization of fighters, fighter-bombers, attack, and recon aircraft in close support of the ground and naval forces.;This Chief of the Air Force directs the utilization of fighters, fighter-bombers, attack, and recon aircraft in close support of the ground and naval forces.;This Chief of the Air Force directs the utilization of fighters, fighter-bombers, attack, and recon aircraft in close support of the ground and naval forces.;This Chief of the Air Force directs the utilization of fighters, fighter-bombers, attack, and recon aircraft in close support of the ground and naval forces.;;;;X,,,,,,,,,,,,,,,,,,,,,,,,,,,,,,,,,,,,,,,,,,,,,,,,,
NPERSONALITY_MOTOR_PROPONENT;Motorisation Proponent;Adepte des motorisation;Sostenitore della motorizzazione;Partidario de la motorización;Motorisierungbefürworter;Zwolennik zmotoryzowana;Proponente da motorização;;;;X,,,,,,,,,,,,,,,,,,,,,,,,,,,,,,,,,,,,,,,,,,,,,,,,,,,,,,,,,,,,,,,,,,,,,,
DPERSONALITY_MOTOR_PROPONENT;The Motorisation Proponent endeavours to increase the strategic mobility of infantry and cavalry units, through development and production of new vehicles, the implementation and distribution thereof, or both.;The Motorisation Proponent endeavours to increase the strategic mobility of infantry and cavalry units, through development and production of new vehicles, the implementation and distribution thereof, or both.;The Motorisation Proponent endeavours to increase the strategic mobility of infantry and cavalry units, through development and production of new vehicles, the implementation and distribution thereof, or both.;The Motorisation Proponent endeavours to increase the strategic mobility of infantry and cavalry units, through development and production of new vehicles, the implementation and distribution thereof, or both.;The Motorisation Proponent endeavours to increase the strategic mobility of infantry and cavalry units, through development and production of new vehicles, the implementation and distribution thereof, or both.;The Motorisation Proponent endeavours to increase the strategic mobility of infantry and cavalry units, through development and production of new vehicles, the implementation and distribution thereof, or both.;The Motorisation Proponent endeavours to increase the strategic mobility of infantry and cavalry units, through development and production of new vehicles, the implementation and distribution thereof, or both.;;;;X,,,,,,,,,,,,,,,,,,,,,,,,,,,,,,,,,,,,,,,,,,,,,,,,,
NPERSONALITY_ARTILLERY_PROPONENT;Artillery Proponent;Adepte de l'artillerie;Sostenitore dell'artiglieria;Partidario de la artillería;Artillerie-Befürworter;Zwolennik artylerii;Proponente da artilharia;;;;X,,,,,,,,,,,,,,,,,,,,,,,,,,,,,,,,,,,,,,,,,,,,,,,,,,,,,,,,,,,,,,,,,,,,,,
DPERSONALITY_ARTILLERY_PROPONENT;The Artillery Proponent believes in the supremacy of the 'King of Battle' and endeavours to increase the quality and quantity of artillery in the ground forces.;The Artillery Proponent believes in the supremacy of the 'King of Battle' and endeavours to increase the quality and quantity of artillery in the ground forces.;The Artillery Proponent believes in the supremacy of the 'King of Battle' and endeavours to increase the quality and quantity of artillery in the ground forces.;The Artillery Proponent believes in the supremacy of the 'King of Battle' and endeavours to increase the quality and quantity of artillery in the ground forces.;The Artillery Proponent believes in the supremacy of the 'King of Battle' and endeavours to increase the quality and quantity of artillery in the ground forces.;The Artillery Proponent believes in the supremacy of the 'King of Battle' and endeavours to increase the quality and quantity of artillery in the ground forces.;The Artillery Proponent believes in the supremacy of the 'King of Battle' and endeavours to increase the quality and quantity of artillery in the ground forces.;;;;X,,,,,,,,,,,,,,,,,,,,,,,,,,,,,,,,,,,,,,,,,,,,,,,,,,,,,,,,,,,,,,,,,,,,,,
NPERSONALITY_INNOVATIVE_ARTILLERY_OFFICER;Innovative Artillery Officer;Innovative Artillery Officer;Innovative Artillery Officer;Innovative Artillery Officer;Innovative Artillery Officer;Innovative Artillery Officer;Innovative Artillery Officer;;;;X,,,,,,,,,,,,,,,,,,,,,,,,,,,,,,,,,,,,,,,,,,,,,,,,,,,,,,,,,,,,,,,,,,,,,,
DPERSONALITY_INNOVATIVE_ARTILLERY_OFFICER;This Chief of the Army innovates improved tactics from new artillery techniques in command and control, target aquisition, application of fire, logistics and new technologies.;This Chief of the Army innovates improved tactics from new artillery techniques in command and control, target aquisition, application of fire, logistics and new technologies.;This Chief of the Army innovates improved tactics from new artillery techniques in command and control, target aquisition, application of fire, logistics and new technologies.;This Chief of the Army innovates improved tactics from new artillery techniques in command and control, target aquisition, application of fire, logistics and new technologies.;This Chief of the Army innovates improved tactics from new artillery techniques in command and control, target aquisition, application of fire, logistics and new technologies.;This Chief of the Army innovates improved tactics from new artillery techniques in command and control, target aquisition, application of fire, logistics and new technologies.;This Chief of the Army innovates improved tactics from new artillery techniques in command and control, target aquisition, application of fire, logistics and new technologies.;;;;X,,,,,,,,,,,,,,,,,,,,,,,,,,,,,,,,,,,,,,,,,,,,,,,,,
NPERSONALITY_BRILLIANT_MARINE_ENGINEER;Brilliant Marine Engineer;Brilliant Marine Engineer;Brilliant Marine Engineer;Brilliant Marine Engineer;Brilliant Marine Engineer;Brilliant Marine Engineer;Brilliant Marine Engineer;;;;X,,,,,,,,,,,,,,,,,,,,,,,,,,,,,,,,,,,,,,,,,,,,,,,,,,,,,,,,,,,,,,,,,,,,,,
DPERSONALITY_BRILLIANT_MARINE_ENGINEER;The Brilliant Marine Engineer is an exceptional talent whose works and inventions have made a deep and lasting impact on the shipbuilding industry and naval administration.;The Brilliant Marine Engineer is an exceptional talent whose works and inventions have made a deep and lasting impact on the shipbuilding industry and naval administration.;The Brilliant Marine Engineer is an exceptional talent whose works and inventions have made a deep and lasting impact on the shipbuilding industry and naval administration.;The Brilliant Marine Engineer is an exceptional talent whose works and inventions have made a deep and lasting impact on the shipbuilding industry and naval administration.;The Brilliant Marine Engineer is an exceptional talent whose works and inventions have made a deep and lasting impact on the shipbuilding industry and naval administration.;The Brilliant Marine Engineer is an exceptional talent whose works and inventions have made a deep and lasting impact on the shipbuilding industry and naval administration.;The Brilliant Marine Engineer is an exceptional talent whose works and inventions have made a deep and lasting impact on the shipbuilding industry and naval administration.;;;;X,,,,,,,,,,,,,,,,,,,,,,,,,,,,,,,,,,,,,,,,,,,,,,,,,,,,,,,,,,,,,,,,,,,,,,
NPERSONALITY_MESSIANIC_ZEALOT;Messianic Zealot;Messianic Zealot;Messianic Zealot;Fanático mesiánico;Messianic Zealot;Messianic Zealot;Messianic Zealot;Messianic Zealot;;;X,,,,,,,,,,,,,,,,,,,,,,,,,,,,,,,,,,,,,,,,,,,,,,,,,,,,,,,,,,,,,,,,,,,,,,
DPERSONALITY_MESSIANIC_ZEALOT;The Messianic Zealot is determined to spread his preferred system of government across the entirety of the planet. In his eyes, the future of mankind belongs to those on his side," and all who oppose this vision must be swept away. He could be a socialist calling for a """"holy war against imperialism", an ideologue who thinks that the world can only be safe once all tyrants have fallen, or a religious fanatic. Either way, his militant rhetoric strikes fear in the hearts of other world leaders," and his radicalism makes peaceful coexistence unlikely.;""The messianic zealot is determined to spread his preferred system of government across the entirety of the planet. In his eyes", the future of mankind belongs to those on his side," and all who oppose this vision must be swept away. He could be a socialist calling for a """"holy war against imperialism", an ideologue who thinks that the world can only be safe once all tyrants have fallen, or a religious fanatic. Either way, his militant rhetoric strikes fear in the hearts of other world leaders," and his radicalism makes peaceful coexistence unlikely."";""The messianic zealot is determined to spread his preferred system of government across the entirety of the planet. In his eyes", the future of mankind belongs to those on his side," and all who oppose this vision must be swept away. He could be a socialist calling for a """"holy war against imperialism", an ideologue who thinks that the world can only be safe once all tyrants have fallen, or a religious fanatic. Either way, his militant rhetoric strikes fear in the hearts of other world leaders," and his radicalism makes peaceful coexistence unlikely."";""El fanático mesiánico está decidido a extender su sistema preferido de gobierno a través de la totalidad del planeta. A sus ojos", el futuro de la humanidad pertenece a los de su lado," y todos los que se oponen a esta visión debe ser barrido. Él podría ser un llamado socialista a una """"guerra santa contra el imperialismo""""", un ideólogo que piensa que el mundo sólo puede ser seguro una vez que todos los tiranos han caído, o un fanático religioso. De cualquier manera, sus ataques retóricos militantes miedo en los corazones de otros líderes mundiales," y su radicalismo hace que la convivencia pacífica improbable."";""The messianic zealot is determined to spread his preferred system of government across the entirety of the planet. In his eyes", the future of mankind belongs to those on his side," and all who oppose this vision must be swept away. He could be a socialist calling for a """"holy war against imperialism", an ideologue who thinks that the world can only be safe once all tyrants have fallen, or a religious fanatic. Either way, his militant rhetoric strikes fear in the hearts of other world leaders," and his radicalism makes peaceful coexistence unlikely."";""The messianic zealot is determined to spread his preferred system of government across the entirety of the planet. In his eyes", the future of mankind belongs to those on his side," and all who oppose this vision must be swept away. He could be a socialist calling for a """"holy war against imperialism", an ideologue who thinks that the world can only be safe once all tyrants have fallen, or a religious fanatic. Either way, his militant rhetoric strikes fear in the hearts of other world leaders," and his radicalism makes peaceful coexistence unlikely."";""The messianic zealot is determined to spread his preferred system of government across the entirety of the planet. In his eyes", the future of mankind belongs to those on his side," and all who oppose this vision must be swept away. He could be a socialist calling for a """"holy war against imperialism", an ideologue who thinks that the world can only be safe once all tyrants have fallen, or a religious fanatic. Either way, his militant rhetoric strikes fear in the hearts of other world leaders," and his radicalism makes peaceful coexistence unlikely."";""The messianic zealot is determined to spread his preferred system of government across the entirety of the planet. In his eyes", the future of mankind belongs to those on his side," and all who oppose this vision must be swept away. He could be a socialist calling for a """"holy war against imperialism", an ideologue who thinks that the world can only be safe once all tyrants have fallen, or a religious fanatic. Either way, his militant rhetoric strikes fear in the hearts of other world leaders," and his radicalism makes peaceful coexistence unlikely."";;;X",,,,,,,,,,,,,,,,,,,,,,
NPERSONALITY_TRAVELING_SALESMAN;Traveling Salesman;Traveling Salesman;Traveling Salesman;Viajante de comercio;Traveling Salesman;Traveling Salesman;Traveling Salesman;Traveling Salesman;;;X,,,,,,,,,,,,,,,,,,,,,,,,,,,,,,,,,,,,,,,,,,,,,,,,,,,,,,,,,,,,,,,,,,,,,,
DPERSONALITY_TRAVELING_SALESMAN;The Traveling Salesman has made a name for himself while serving as the Minister of Trade. Now he is often used as a foreign emissary where his flexible attitudes, amiable nature, and haggling skills have served his country well. For him, foreign affairs and trade are practically synonymous, and he prefers fostering a stable and friendly business environment to any adventures that may upset the nation’s foreign customers and investors.;The traveling salesman has made a name for himself while serving as the Minister of Trade. Now he is often used as a foreign emissary where his flexible attitudes, amiable nature, and haggling skills have served his country well. For him, foreign affairs and trade are practically synonymous, and he prefers fostering a stable and friendly business environment to any adventures that may upset the nation’s foreign customers and investors.;The traveling salesman has made a name for himself while serving as the Minister of Trade. Now he is often used as a foreign emissary where his flexible attitudes, amiable nature, and haggling skills have served his country well. For him, foreign affairs and trade are practically synonymous, and he prefers fostering a stable and friendly business environment to any adventures that may upset the nation’s foreign customers and investors.;El viajante de comercio ha hecho un nombre por sí mismo mientras se desempeñaba como Ministro de Comercio. Ahora se utiliza a menudo como un emisario extranjero donde sus actitudes flexibles, la naturaleza amable y habilidades de regateo han servido bien a su país. Para él, las relaciones exteriores y el comercio son casi sinónimos, y él prefiere fomentar un ambiente de negocios estable y amigable para cualquier aventuras que puedan hacerle perder clientes e inversionistas extranjeros de la nación.;The traveling salesman has made a name for himself while serving as the Minister of Trade. Now he is often used as a foreign emissary where his flexible attitudes, amiable nature, and haggling skills have served his country well. For him, foreign affairs and trade are practically synonymous, and he prefers fostering a stable and friendly business environment to any adventures that may upset the nation’s foreign customers and investors.;The traveling salesman has made a name for himself while serving as the Minister of Trade. Now he is often used as a foreign emissary where his flexible attitudes, amiable nature, and haggling skills have served his country well. For him, foreign affairs and trade are practically synonymous, and he prefers fostering a stable and friendly business environment to any adventures that may upset the nation’s foreign customers and investors.;The traveling salesman has made a name for himself while serving as the Minister of Trade. Now he is often used as a foreign emissary where his flexible attitudes, amiable nature, and haggling skills have served his country well. For him, foreign affairs and trade are practically synonymous, and he prefers fostering a stable and friendly business environment to any adventures that may upset the nation’s foreign customers and investors.;The traveling salesman has made a name for himself while serving as the Minister of Trade. Now he is often used as a foreign emissary where his flexible attitudes, amiable nature, and haggling skills have served his country well. For him, foreign affairs and trade are practically synonymous, and he prefers fostering a stable and friendly business environment to any adventures that may upset the nation’s foreign customers and investors.;;;X,,,,,,,,,,,,,,,,,,,,,,,,,,,,,,,,,,,,,,,
NPERSONALITY_CULTURE_WARRIOR;Culture Warrior;Culture Warrior;Culture Warrior;Guerrero de la cultura;Culture Warrior;Culture Warrior;Culture Warrior;Culture Warrior;;;X,,,,,,,,,,,,,,,,,,,,,,,,,,,,,,,,,,,,,,,,,,,,,,,,,,,,,,,,,,,,,,,,,,,,,,
DPERSONALITY_CULTURE_WARRIOR;The Culture Warrior sees themself as an integral player in the struggle for their nation’s soul. From their point of view the country is in the midst of an epic struggle between two sets of conflicting cultural values. This is simply unacceptable to them," as they insist that the only cultural conflict that should be tolerated in their society is """"the conflict between good and best."""" They reject notions that art can be apolitical because they have an uncanny knack for discovering insidious undertones everywhere. The culture warrior wants the country’s artists", writers, mass media, and intelligentsia to confirm to his or her values. They are fine if creativity has to be stifled so long as the country is protected from foreign, subversive," or degenerate ideas. ;""The Culture Warrior sees themself as an integral player in the struggle for their nation’s soul. From their point of view the country is in the midst of an epic struggle between two sets of conflicting cultural values. This is simply unacceptable to them"," as they insist that the only cultural conflict that should be tolerated in their society is """"the conflict between good and best."""" They reject notions that art can be apolitical because they have an uncanny knack for discovering insidious undertones everywhere. The culture warrior wants the country’s artists", writers, mass media, and intelligentsia to confirm to his or her values. They are fine if creativity has to be stifled so long as the country is protected from foreign, subversive," or degenerate ideas. ."";""The Culture Warrior sees themself as an integral player in the struggle for their nation’s soul. From their point of view the country is in the midst of an epic struggle between two sets of conflicting cultural values. This is simply unacceptable to them"," as they insist that the only cultural conflict that should be tolerated in their society is """"the conflict between good and best."""" They reject notions that art can be apolitical because they have an uncanny knack for discovering insidious undertones everywhere. The culture warrior wants the country’s artists", writers, mass media, and intelligentsia to confirm to his or her values. They are fine if creativity has to be stifled so long as the country is protected from foreign, subversive," or degenerate ideas. ."";""El guerrero de la cultura ve si misma como un actor fundamental en la lucha por el alma de su nación. Desde su punto de vista", el país se encuentra en medio de una lucha épica entre dos conjuntos de valores culturales en conflicto. Esto es simplemente inaceptable para ellos," ya que insisten en que el único conflicto cultural que debe ser tolerado en la sociedad es """"el conflicto entre el bien y mejor."""" Rechazan las ideas que el arte puede ser apolítico porque tienen una extraña habilidad para descubrir matices insidiosos en todas partes. La cultura del guerrero quiere artistas del país", escritores, medios de comunicación y los intelectuales que confirmar a sus valores. Ellos están muy bien si la creatividad tiene que ser sofocado, siempre y cuando el país está protegido de las ideas extranjeras," subversivas o degenerados."";""The Culture Warrior sees themself as an integral player in the struggle for their nation’s soul. From their point of view the country is in the midst of an epic struggle between two sets of conflicting cultural values. This is simply unacceptable to them"," as they insist that the only cultural conflict that should be tolerated in their society is """"the conflict between good and best."""" They reject notions that art can be apolitical because they have an uncanny knack for discovering insidious undertones everywhere. The culture warrior wants the country’s artists", writers, mass media, and intelligentsia to confirm to his or her values. They are fine if creativity has to be stifled so long as the country is protected from foreign, subversive," or degenerate ideas. ."";""The Culture Warrior sees themself as an integral player in the struggle for their nation’s soul. From their point of view the country is in the midst of an epic struggle between two sets of conflicting cultural values. This is simply unacceptable to them"," as they insist that the only cultural conflict that should be tolerated in their society is """"the conflict between good and best."""" They reject notions that art can be apolitical because they have an uncanny knack for discovering insidious undertones everywhere. The culture warrior wants the country’s artists", writers, mass media, and intelligentsia to confirm to his or her values. They are fine if creativity has to be stifled so long as the country is protected from foreign, subversive," or degenerate ideas. ."";""The Culture Warrior sees themself as an integral player in the struggle for their nation’s soul. From their point of view the country is in the midst of an epic struggle between two sets of conflicting cultural values. This is simply unacceptable to them"," as they insist that the only cultural conflict that should be tolerated in their society is """"the conflict between good and best."""" They reject notions that art can be apolitical because they have an uncanny knack for discovering insidious undertones everywhere. The culture warrior wants the country’s artists", writers, mass media, and intelligentsia to confirm to his or her values. They are fine if creativity has to be stifled so long as the country is protected from foreign, subversive," or degenerate ideas. ."";""The Culture Warrior sees themself as an integral player in the struggle for their nation’s soul. From their point of view the country is in the midst of an epic struggle between two sets of conflicting cultural values. This is simply unacceptable to them"," as they insist that the only cultural conflict that should be tolerated in their society is """"the conflict between good and best."""" They reject notions that art can be apolitical because they have an uncanny knack for discovering insidious undertones everywhere. The culture warrior wants the country’s artists", writers, mass media, and intelligentsia to confirm to his or her values. They are fine if creativity has to be stifled so long as the country is protected from foreign, subversive," or degenerate ideas. ."";;;X",,,,,,,,,,,,,,,,,,,,,,
NPERSONALITY_MAD_MAN;M.A.D. Man;M.A.D. Man;M.A.D. Man;M.A.D. Man;M.A.D. Man;M.A.D. Man;M.A.D. Man;M.A.D. Man;;;X,,,,,,,,,,,,,,,,,,,,,,,,,,,,,,,,,,,,,,,,,,,,,,,,,,,,,,,,,,,,,,,,,,,,,,
DPERSONALITY_MAD_MAN;The M.A.D. Man claims that the deployment of nuclear weapons is essential to the maintenance of peace. He truly believes that the threat of mutual nuclear annihilation will keep his nation’s enemies in check. He always in favor of strengthening the nation’s nuclear capabilities, just in case his country has to fight the very war that he hopes to avoid.;The M.A.D. Man claims that the deployment of nuclear weapons is essential to the maintenance of peace. He truly believes that the threat of mutual nuclear annihilation will keep his nation’s enemies in check. He always in favor of strengthening the nation’s nuclear capabilities, just in case his country has to fight the very war that he hopes to avoid.;The M.A.D. Man claims that the deployment of nuclear weapons is essential to the maintenance of peace. He truly believes that the threat of mutual nuclear annihilation will keep his nation’s enemies in check. He always in favor of strengthening the nation’s nuclear capabilities, just in case his country has to fight the very war that he hopes to avoid.;El M.A.D. man afirma que el despliegue de armas nucleares es esencial para el mantenimiento de la paz. Él realmente cree que la amenaza de la aniquilación nuclear mutua mantendrá los enemigos de su nación bajo control. Él siempre a favor del fortalecimiento de las capacidades nucleares de la nación, en caso de que su país tiene que luchar contra la misma guerra que espera evitar.;The M.A.D. Man claims that the deployment of nuclear weapons is essential to the maintenance of peace. He truly believes that the threat of mutual nuclear annihilation will keep his nation’s enemies in check. He always in favor of strengthening the nation’s nuclear capabilities, just in case his country has to fight the very war that he hopes to avoid.;The M.A.D. Man claims that the deployment of nuclear weapons is essential to the maintenance of peace. He truly believes that the threat of mutual nuclear annihilation will keep his nation’s enemies in check. He always in favor of strengthening the nation’s nuclear capabilities, just in case his country has to fight the very war that he hopes to avoid.;The M.A.D. Man claims that the deployment of nuclear weapons is essential to the maintenance of peace. He truly believes that the threat of mutual nuclear annihilation will keep his nation’s enemies in check. He always in favor of strengthening the nation’s nuclear capabilities, just in case his country has to fight the very war that he hopes to avoid.;The M.A.D. Man claims that the deployment of nuclear weapons is essential to the maintenance of peace. He truly believes that the threat of mutual nuclear annihilation will keep his nation’s enemies in check. He always in favor of strengthening the nation’s nuclear capabilities, just in case his country has to fight the very war that he hopes to avoid.;;;X,,,,,,,,,,,,,,,,,,,,,,,,,,,,,,,,,,,,,,,,,,,,,,,,,,,,,,,,,,,,,,
NPERSONALITY_SPACE_ENTHUSIAST;Space Enthusiast;Space Enthusiast;Space Enthusiast;Entusiasta del Espacio;Space Enthusiast;Space Enthusiast;Space Enthusiast;Space Enthusiast;;;X,,,,,,,,,,,,,,,,,,,,,,,,,,,,,,,,,,,,,,,,,,,,,,,,,,,,,,,,,,,,,,,,,,,,,,
DPERSONALITY_SPACE_ENTHUSIAST;The Space Enthusiast has poured his heart and soul into researching space and trying to speed up his chances of getting there. He is convinced that the meek shall inherit the earth while the rest of humanity colonizes the stars. Unfortunately, the government is more interested in the military capabilities of his precious rockets than his plans for eventually landing men on Mars, but he thinks that he’s clever enough to make them see things his way or, barring that," present them with a Fait Accompli by designing a """"dual use"""" rocket.;""The Space Enthusiast has poured his heart and soul into researching space and trying to speed up his chances of getting there. He is convinced that the meek shall inherit the earth while the rest of humanity colonizes the stars. Unfortunately", the government is more interested in the military capabilities of his precious rockets than his plans for eventually landing men on Mars, but he thinks that he’s clever enough to make them see things his way or, barring that," present them with a Fait Accompli by designing a """"dual use"""" rocket."";""The Space Enthusiast has poured his heart and soul into researching space and trying to speed up his chances of getting there. He is convinced that the meek shall inherit the earth while the rest of humanity colonizes the stars. Unfortunately", the government is more interested in the military capabilities of his precious rockets than his plans for eventually landing men on Mars, but he thinks that he’s clever enough to make them see things his way or, barring that," present them with a Fait Accompli by designing a """"dual use"""" rocket."";""El entusiasta del espacio ha derramado su corazón y alma en la investigación espacial y tratar de acelerar sus posibilidades de llegar allí. Está convencido de que los mansos heredarán la tierra", mientras que el resto de la humanidad coloniza las estrellas. Desafortunadamente, el gobierno está más interesado en las capacidades militares de sus cohetes preciosos que sus planes para finalmente aterrizar hombres en Marte, pero él piensa que él es lo suficientemente inteligente como para hacerles ver las cosas a su manera o," salvo que los presentan como un hecho consumado mediante el diseño de un """"uso dual"""" de cohetes."";""The Space Enthusiast has poured his heart and soul into researching space and trying to speed up his chances of getting there. He is convinced that the meek shall inherit the earth while the rest of humanity colonizes the stars. Unfortunately", the government is more interested in the military capabilities of his precious rockets than his plans for eventually landing men on Mars, but he thinks that he’s clever enough to make them see things his way or, barring that," present them with a Fait Accompli by designing a """"dual use"""" rocket."";""The Space Enthusiast has poured his heart and soul into researching space and trying to speed up his chances of getting there. He is convinced that the meek shall inherit the earth while the rest of humanity colonizes the stars. Unfortunately", the government is more interested in the military capabilities of his precious rockets than his plans for eventually landing men on Mars, but he thinks that he’s clever enough to make them see things his way or, barring that," present them with a Fait Accompli by designing a """"dual use"""" rocket."";""The Space Enthusiast has poured his heart and soul into researching space and trying to speed up his chances of getting there. He is convinced that the meek shall inherit the earth while the rest of humanity colonizes the stars. Unfortunately", the government is more interested in the military capabilities of his precious rockets than his plans for eventually landing men on Mars, but he thinks that he’s clever enough to make them see things his way or, barring that," present them with a Fait Accompli by designing a """"dual use"""" rocket."";""The Space Enthusiast has poured his heart and soul into researching space and trying to speed up his chances of getting there. He is convinced that the meek shall inherit the earth while the rest of humanity colonizes the stars. Unfortunately", the government is more interested in the military capabilities of his precious rockets than his plans for eventually landing men on Mars, but he thinks that he’s clever enough to make them see things his way or, barring that," present them with a Fait Accompli by designing a """"dual use"""" rocket."";;;X",,,,,,,,,,,,,,,,,,,,,,,,,,,,,,,,,,,,,,
NPERSONALITY_CAPITALIST_ROADER;Capitalist Roader;Capitalist Roader;Capitalist Roader;Seguidor del camino capitalista;Capitalist Roader;Capitalist Roader;Capitalist Roader;Capitalist Roader;;;X,,,,,,,,,,,,,,,,,,,,,,,,,,,,,,,,,,,,,,,,,,,,,,,,,,,,,,,,,,,,,,,,,,,,,,
DPERSONALITY_CAPITALIST_ROADER;The Capitalist Roader is seen by Party hardliners as a person whose policies threaten to pull the Revolution in a capitalist direction. However," the Capitalist Roader prefers to be thought of as a pragmatist willing to do everything in their power to improve the living standards of the people. From his point of view it shouldn't matter if a """"cat is black or white"," so long as it catches mice."""" Whether his policies will restore the economic and political power of Bourgeoisie forces remains to be seen.;""The Capitalist Roader is seen by Party hardliners as a person whose policies threaten to pull the Revolution in a capitalist direction. However"," the Capitalist Roader prefers to be thought of as a pragmatist willing to do everything in their power to improve the living standards of the people. From his point of view it shouldn't matter if a """"cat is black or white"," so long as it catches mice."""" Whether his policies will restore the economic and political power of Bourgeoisie forces remains to be seen."";""The Capitalist Roader is seen by Party hardliners as a person whose policies threaten to pull the Revolution in a capitalist direction. However"," the Capitalist Roader prefers to be thought of as a pragmatist willing to do everything in their power to improve the living standards of the people. From his point of view it shouldn't matter if a """"cat is black or white"," so long as it catches mice."""" Whether his policies will restore the economic and political power of Bourgeoisie forces remains to be seen."";""El capitalista Todoterreno es visto por la línea dura del partido como una persona cuyas políticas amenazan con tirar de la Revolución en el sentido capitalista. Sin embargo"," el capitalista Todoterreno prefiere ser considerado como un pragmático dispuesto a hacer todo lo posible para mejorar las condiciones de vida de las personas. Desde su punto de vista no debería importar si un """"gato es blanco o negro"," con tal de que cace ratones"""". Ya sea que sus políticas serán restaurar el poder económico y político de las fuerzas Burguesía queda por ver."";""The Capitalist Roader is seen by Party hardliners as a person whose policies threaten to pull the Revolution in a capitalist direction. However"," the Capitalist Roader prefers to be thought of as a pragmatist willing to do everything in their power to improve the living standards of the people. From his point of view it shouldn't matter if a """"cat is black or white"," so long as it catches mice."""" Whether his policies will restore the economic and political power of Bourgeoisie forces remains to be seen."";""The Capitalist Roader is seen by Party hardliners as a person whose policies threaten to pull the Revolution in a capitalist direction. However"," the Capitalist Roader prefers to be thought of as a pragmatist willing to do everything in their power to improve the living standards of the people. From his point of view it shouldn't matter if a """"cat is black or white"," so long as it catches mice."""" Whether his policies will restore the economic and political power of Bourgeoisie forces remains to be seen."";""The Capitalist Roader is seen by Party hardliners as a person whose policies threaten to pull the Revolution in a capitalist direction. However"," the Capitalist Roader prefers to be thought of as a pragmatist willing to do everything in their power to improve the living standards of the people. From his point of view it shouldn't matter if a """"cat is black or white"," so long as it catches mice."""" Whether his policies will restore the economic and political power of Bourgeoisie forces remains to be seen."";""The Capitalist Roader is seen by Party hardliners as a person whose policies threaten to pull the Revolution in a capitalist direction. However"," the Capitalist Roader prefers to be thought of as a pragmatist willing to do everything in their power to improve the living standards of the people. From his point of view it shouldn't matter if a """"cat is black or white"," so long as it catches mice."""" Whether his policies will restore the economic and political power of Bourgeoisie forces remains to be seen."";;;X",,,,,,,,,,,,,,,,,,,,,,,,,,,,,,,,,,,,,,,,,,,,,,,,,,,,,,
NPERSONALITY_REFORMIST_SPY;The Spy Who Came in from the Cold;The Spy who came in from the Cold;The Spy who came in from the Cold;El espía que surgió del frío;The Spy who came in from the Cold;The Spy who came in from the Cold;The Spy who came in from the Cold;The Spy who came in from the Cold;;;X,,,,,,,,,,,,,,,,,,,,,,,,,,,,,,,,,,,,,,,,,,,,,,,,,,,,,,,,,,,,,,,,,,,,,,
DPERSONALITY_REFORMIST_SPY;The Spy who came in from the cold made his reputation during his tenure as head of his country’s intelligence agency. His professionalism, hard work, and toughness impressed his political superiors, and these ties paved his way to power. While in the intelligence field he worked to modernize foreign and domestic espionage, turning the state security apparatus into an efficient and sophisticated organization. His experience, and extensive knowledge of foreign countries, has helped him understand the problems inherent in his own society. He is confident enough to be frank and open about his country’s problems, which he sees as necessary to lay the base for significant changes in the structure and method of government. Despite reformist tendencies, he remains a spy at heart. He will deal openly and shrewdly with other countries, but he will not sacrifice his nation’s vital interests in order to improve relations with foreign countries.;The Spy who came in from the cold made his reputation during his tenure as head of his country’s intelligence agency. His professionalism, hard work, and toughness impressed his political superiors, and these ties paved his way to power. While in the intelligence field he worked to modernize foreign and domestic espionage, turning the state security apparatus into an efficient and sophisticated organization. His experience, and extensive knowledge of foreign countries, has helped him understand the problems inherent in his own society. He is confident enough to be frank and open about his country’s problems, which he sees as necessary to lay the base for significant changes in the structure and method of government. Despite reformist tendencies, he remains a spy at heart. He will deal openly and shrewdly with other countries, but he will not sacrifice his nation’s vital interests in order to improve relations with foreign countries.;The Spy who came in from the cold made his reputation during his tenure as head of his country’s intelligence agency. His professionalism, hard work, and toughness impressed his political superiors, and these ties paved his way to power. While in the intelligence field he worked to modernize foreign and domestic espionage, turning the state security apparatus into an efficient and sophisticated organization. His experience, and extensive knowledge of foreign countries, has helped him understand the problems inherent in his own society. He is confident enough to be frank and open about his country’s problems, which he sees as necessary to lay the base for significant changes in the structure and method of government. Despite reformist tendencies, he remains a spy at heart. He will deal openly and shrewdly with other countries, but he will not sacrifice his nation’s vital interests in order to improve relations with foreign countries.;El espía que surgió del frío hizo su reputación durante su mandato como jefe de la agencia de inteligencia de su país. Su profesionalidad, el trabajo duro y la tenacidad impresionaron sus superiores políticos, y estos lazos allanaron su camino al poder. Mientras que en el campo de la inteligencia que trabajó para modernizar el espionaje extranjero y nacional, convirtiendo el aparato de seguridad del Estado en una organización eficiente y sofisticado. Su experiencia y un amplio conocimiento de los países extranjeros, ha ayudado a entender los problemas inherentes a su propia sociedad. Él es lo suficientemente seguras como para ser franco y abierto sobre los problemas de su país, que él considera necesario establecer la base para los cambios significativos en la estructura y forma de gobierno. A pesar de las tendencias reformistas, él sigue siendo un espía en el corazón. Él tratará de manera abierta y sabios para con otros países, pero no va a sacrificar los intereses vitales de la nación con el fin de mejorar las relaciones con los países extranjeros.;The Spy who came in from the cold made his reputation during his tenure as head of his country’s intelligence agency. His professionalism, hard work, and toughness impressed his political superiors, and these ties paved his way to power. While in the intelligence field he worked to modernize foreign and domestic espionage, turning the state security apparatus into an efficient and sophisticated organization. His experience, and extensive knowledge of foreign countries, has helped him understand the problems inherent in his own society. He is confident enough to be frank and open about his country’s problems, which he sees as necessary to lay the base for significant changes in the structure and method of government. Despite reformist tendencies, he remains a spy at heart. He will deal openly and shrewdly with other countries, but he will not sacrifice his nation’s vital interests in order to improve relations with foreign countries.;The Spy who came in from the cold made his reputation during his tenure as head of his country’s intelligence agency. His professionalism, hard work, and toughness impressed his political superiors, and these ties paved his way to power. While in the intelligence field he worked to modernize foreign and domestic espionage, turning the state security apparatus into an efficient and sophisticated organization. His experience, and extensive knowledge of foreign countries, has helped him understand the problems inherent in his own society. He is confident enough to be frank and open about his country’s problems, which he sees as necessary to lay the base for significant changes in the structure and method of government. Despite reformist tendencies, he remains a spy at heart. He will deal openly and shrewdly with other countries, but he will not sacrifice his nation’s vital interests in order to improve relations with foreign countries.;The Spy who came in from the cold made his reputation during his tenure as head of his country’s intelligence agency. His professionalism, hard work, and toughness impressed his political superiors, and these ties paved his way to power. While in the intelligence field he worked to modernize foreign and domestic espionage, turning the state security apparatus into an efficient and sophisticated organization. His experience, and extensive knowledge of foreign countries, has helped him understand the problems inherent in his own society. He is confident enough to be frank and open about his country’s problems, which he sees as necessary to lay the base for significant changes in the structure and method of government. Despite reformist tendencies, he remains a spy at heart. He will deal openly and shrewdly with other countries, but he will not sacrifice his nation’s vital interests in order to improve relations with foreign countries.;The Spy who came in from the cold made his reputation during his tenure as head of his country’s intelligence agency. His professionalism, hard work, and toughness impressed his political superiors, and these ties paved his way to power. While in the intelligence field he worked to modernize foreign and domestic espionage, turning the state security apparatus into an efficient and sophisticated organization. His experience, and extensive knowledge of foreign countries, has helped him understand the problems inherent in his own society. He is confident enough to be frank and open about his country’s problems, which he sees as necessary to lay the base for significant changes in the structure and method of government. Despite reformist tendencies, he remains a spy at heart. He will deal openly and shrewdly with other countries, but he will not sacrifice his nation’s vital interests in order to improve relations with foreign countries.;;;X
#EOF;;;;;;;;;;;X,,,,,,,,,,,,,,,,,,,,,,,,,,,,,,,,,,,,,,,,,,,,,,,,,,,,,,,,,,,,,,,,,,,,,,
#EOF;;;;;;;;;;;X,,,,,,,,,,,,,,,,,,,,,,,,,,,,,,,,,,,,,,,,,,,,,,,,,,,,,,,,,,,,,,,,,,,,,,
